t,node_id,on_hand,backlog_external,backlog_children,pipeline_in,orders_to_parent,received,phase,demand,fulfilled_external,holding_cost,backlog_cost,ordering_cost,transport_cost,total_cost
0,Supplier,0,0,0,0,0,0,EOD,0,0,32.49,0.0,0.0,0.0,32.49
0,W1,1736,0,0,0,0,0,EOD,0,0,32.49,0.0,0.0,0.0,32.49
0,W2,1849,0,0,0,0,0,EOD,0,0,32.49,0.0,0.0,0.0,32.49
0,R1,433,0,0,0,155,0,EOD,155,155,32.49,0.0,0.0,0.0,32.49
0,R2,394,0,0,0,87,0,EOD,87,87,32.49,0.0,0.0,0.0,32.49
0,R3,1083,0,0,0,274,0,EOD,274,274,32.49,0.0,0.0,0.0,32.49
1,Supplier,0,0,0,0,0,0,EOD,0,0,24.45,0.0,0.0,0.0,24.45
1,W1,1494,0,0,0,242,0,EOD,0,0,24.45,0.0,0.0,0.0,24.45
1,W2,1575,0,0,0,274,0,EOD,0,0,24.45,0.0,0.0,0.0,24.45
1,R1,312,0,0,155,121,0,EOD,121,121,24.45,0.0,0.0,0.0,24.45
1,R2,304,0,0,87,90,0,EOD,90,90,24.45,0.0,0.0,0.0,24.45
1,R3,815,0,0,274,268,0,EOD,268,268,24.45,0.0,0.0,0.0,24.45
2,Supplier,0,0,0,0,0,0,EOD,0,0,19.86,0.0,0.0,0.0,19.86
2,W1,1283,0,0,242,211,0,EOD,0,0,19.86,0.0,0.0,0.0,19.86
2,W2,1307,0,0,274,268,0,EOD,0,0,19.86,0.0,0.0,0.0,19.86
2,R1,213,0,0,276,99,0,EOD,99,99,19.86,0.0,0.0,0.0,19.86
2,R2,228,0,0,177,76,0,EOD,76,76,19.86,0.0,0.0,0.0,19.86
2,R3,662,0,0,542,153,0,EOD,153,153,19.86,0.0,0.0,0.0,19.86
3,Supplier,0,0,0,0,0,0,EOD,0,0,14.219999999999999,0.0,0.0,0.0,14.219999999999999
3,W1,1108,0,0,453,175,0,EOD,0,0,14.219999999999999,0.0,0.0,0.0,14.219999999999999
3,W2,1154,0,0,542,153,0,EOD,0,0,14.219999999999999,0.0,0.0,0.0,14.219999999999999
3,R1,263,0,0,220,105,155,EOD,105,105,14.219999999999999,0.0,0.0,0.0,14.219999999999999
3,R2,145,0,0,253,83,0,EOD,83,83,14.219999999999999,0.0,0.0,0.0,14.219999999999999
3,R3,474,0,0,695,188,0,EOD,188,188,14.219999999999999,0.0,0.0,0.0,14.219999999999999
4,Supplier,0,0,0,0,0,0,EOD,0,0,9.6,0.0,0.0,0.0,9.6
4,W1,920,0,0,628,188,0,EOD,0,0,9.6,0.0,0.0,0.0,9.6
4,W2,966,0,0,695,188,0,EOD,0,0,9.6,0.0,0.0,0.0,9.6
4,R1,292,0,0,204,92,121,EOD,92,92,9.6,0.0,0.0,0.0,9.6
4,R2,159,0,0,249,73,87,EOD,73,73,9.6,0.0,0.0,0.0,9.6
4,R3,320,0,0,883,154,0,EOD,154,154,9.6,0.0,0.0,0.0,9.6
5,Supplier,0,0,0,0,0,0,EOD,0,0,11.49,0.0,0.0,0.0,11.49
5,W1,755,0,0,816,165,0,EOD,0,0,11.49,0.0,0.0,0.0,11.49
5,W2,812,0,0,883,154,0,EOD,0,0,11.49,0.0,0.0,0.0,11.49
5,R1,278,0,0,197,113,99,EOD,113,113,11.49,0.0,0.0,0.0,11.49
5,R2,143,0,0,232,106,90,EOD,106,106,11.49,0.0,0.0,0.0,11.49
5,R3,383,0,0,763,211,274,EOD,211,211,11.49,0.0,0.0,0.0,11.49
6,Supplier,0,0,0,0,0,0,EOD,0,0,13.41,0.0,0.0,0.0,13.41
6,W1,536,0,0,981,219,0,EOD,0,0,13.41,0.0,0.0,0.0,13.41
6,W2,601,0,0,1037,211,0,EOD,0,0,13.41,0.0,0.0,0.0,13.41
6,R1,273,0,0,205,110,105,EOD,110,110,13.41,0.0,0.0,0.0,13.41
6,R2,128,0,0,262,91,76,EOD,91,91,13.41,0.0,0.0,0.0,13.41
6,R3,447,0,0,706,204,268,EOD,204,204,13.41,0.0,0.0,0.0,13.41
7,Supplier,0,0,0,0,0,0,EOD,0,0,9.03,0.0,0.0,0.0,9.03
7,W1,577,0,0,958,201,242,EOD,0,0,9.03,0.0,0.0,0.0,9.03
7,W2,397,0,0,1248,204,0,EOD,0,0,9.03,0.0,0.0,0.0,9.03
7,R1,189,0,0,223,176,92,EOD,176,176,9.03,0.0,0.0,0.0,9.03
7,R2,62,0,0,270,149,83,EOD,149,149,9.03,0.0,0.0,0.0,9.03
7,R3,301,0,0,757,299,153,EOD,299,299,9.03,0.0,0.0,0.0,9.03
8,Supplier,0,0,0,0,0,0,EOD,0,0,6.39,0.0,0.0,0.0,6.39
8,W1,463,0,0,948,325,211,EOD,0,0,6.39,0.0,0.0,0.0,6.39
8,W2,372,0,0,1178,299,274,EOD,0,0,6.39,0.0,0.0,0.0,6.39
8,R1,137,0,0,286,165,113,EOD,165,165,6.39,0.0,0.0,0.0,6.39
8,R2,39,0,0,346,96,73,EOD,96,96,6.39,0.0,0.0,0.0,6.39
8,R3,213,0,0,868,276,188,EOD,276,276,6.39,0.0,0.0,0.0,6.39
9,Supplier,0,0,0,0,0,0,EOD,0,0,4.29,0.0,0.0,0.0,4.29
9,W1,377,0,0,1098,261,175,EOD,0,0,4.29,0.0,0.0,0.0,4.29
9,W2,364,0,0,1209,276,268,EOD,0,0,4.29,0.0,0.0,0.0,4.29
9,R1,152,0,0,341,95,110,EOD,95,95,4.29,0.0,0.0,0.0,4.29
9,R2,32,0,0,336,113,106,EOD,113,113,4.29,0.0,0.0,0.0,4.29
9,R3,143,0,0,990,224,154,EOD,224,224,4.29,0.0,0.0,0.0,4.29
10,Supplier,0,0,0,0,0,0,EOD,0,0,5.1,0.0,0.0,0.0,5.1
10,W1,357,0,0,1171,208,188,EOD,0,0,5.1,0.0,0.0,0.0,5.1
10,W2,293,0,0,1332,224,153,EOD,0,0,5.1,0.0,0.0,0.0,5.1
10,R1,232,0,0,260,96,176,EOD,96,96,5.1,0.0,0.0,0.0,5.1
10,R2,17,0,0,358,106,91,EOD,106,106,5.1,0.0,0.0,0.0,5.1
10,R3,170,0,0,1003,184,211,EOD,184,184,5.1,0.0,0.0,0.0,5.1
11,Supplier,0,0,0,0,0,0,EOD,0,0,5.64,0.0,0.0,0.0,5.64
11,W1,320,0,0,1214,202,165,EOD,0,0,5.64,0.0,0.0,0.0,5.64
11,W2,297,0,0,1368,184,188,EOD,0,0,5.64,0.0,0.0,0.0,5.64
11,R1,290,0,0,191,107,165,EOD,107,107,5.64,0.0,0.0,0.0,5.64
11,R2,68,0,0,315,98,149,EOD,98,98,5.64,0.0,0.0,0.0,5.64
11,R3,188,0,0,983,186,204,EOD,186,186,5.64,0.0,0.0,0.0,5.64
12,Supplier,0,0,0,0,0,0,EOD,0,0,9.9,0.0,0.0,0.0,9.9
12,W1,334,0,0,1197,205,219,EOD,0,0,9.9,0.0,0.0,0.0,9.9
12,W2,265,0,0,1398,186,154,EOD,0,0,9.9,0.0,0.0,0.0,9.9
12,R1,266,0,0,203,119,95,EOD,119,119,9.9,0.0,0.0,0.0,9.9
12,R2,71,0,0,317,93,96,EOD,93,93,9.9,0.0,0.0,0.0,9.9
12,R3,330,0,0,870,157,299,EOD,157,157,9.9,0.0,0.0,0.0,9.9
13,Supplier,0,0,0,0,0,0,EOD,0,0,10.65,0.0,0.0,0.0,10.65
13,W1,323,0,0,1201,212,201,EOD,0,0,10.65,0.0,0.0,0.0,10.65
13,W2,319,0,0,1373,157,211,EOD,0,0,10.65,0.0,0.0,0.0,10.65
13,R1,202,0,0,226,160,96,EOD,160,160,10.65,0.0,0.0,0.0,10.65
13,R2,66,0,0,297,118,113,EOD,118,118,10.65,0.0,0.0,0.0,10.65
13,R3,355,0,0,751,251,276,EOD,251,251,10.65,0.0,0.0,0.0,10.65
14,Supplier,0,0,0,0,0,0,EOD,0,0,6.96,0.0,0.0,0.0,6.96
14,W1,370,0,0,1088,278,325,EOD,0,0,6.96,0.0,0.0,0.0,6.96
14,W2,272,0,0,1326,251,204,EOD,0,0,6.96,0.0,0.0,0.0,6.96
14,R1,85,0,0,279,224,107,EOD,224,224,6.96,0.0,0.0,0.0,6.96
14,R2,30,0,0,309,142,106,EOD,142,142,6.96,0.0,0.0,0.0,6.96
14,R3,232,0,0,778,347,224,EOD,347,347,6.96,0.0,0.0,0.0,6.96
15,Supplier,0,0,0,0,0,0,EOD,0,0,2.52,0.0,0.0,0.0,2.52
15,W1,265,0,0,1105,366,261,EOD,0,0,2.52,0.0,0.0,0.0,2.52
15,W2,224,0,0,1278,347,299,EOD,0,0,2.52,0.0,0.0,0.0,2.52
15,R1,0,22,0,384,226,119,EOD,226,204,2.52,0.0,0.0,0.0,2.52
15,R2,0,27,0,353,155,98,EOD,155,128,2.52,0.0,0.0,0.0,2.52
15,R3,84,0,0,941,332,184,EOD,332,332,2.52,0.0,0.0,0.0,2.52
16,Supplier,0,0,0,0,0,0,EOD,0,0,1.5899999999999999,0.0,0.0,0.0,1.5899999999999999
16,W1,92,0,0,1263,381,208,EOD,0,0,1.5899999999999999,0.0,0.0,0.0,1.5899999999999999
16,W2,168,0,0,1349,332,276,EOD,0,0,1.5899999999999999,0.0,0.0,0.0,1.5899999999999999
16,R1,0,4,0,450,142,160,EOD,142,138,1.5899999999999999,0.0,0.0,0.0,1.5899999999999999
16,R2,0,27,0,415,93,93,EOD,93,66,1.5899999999999999,0.0,0.0,0.0,1.5899999999999999
16,R3,53,0,0,1087,217,186,EOD,217,217,1.5899999999999999,0.0,0.0,0.0,1.5899999999999999
17,Supplier,0,0,0,0,0,0,EOD,0,0,0.0,18.0,0.0,0.0,18.0
17,W1,59,0,0,1442,235,202,EOD,0,0,0.0,18.0,0.0,0.0,18.0
17,W2,175,0,0,1457,217,224,EOD,0,0,0.0,18.0,0.0,0.0,18.0
17,R1,87,0,0,368,133,224,EOD,133,133,0.0,18.0,0.0,0.0,18.0
17,R2,8,0,0,390,83,118,EOD,83,83,0.0,18.0,0.0,0.0,18.0
17,R3,0,36,0,1147,246,157,EOD,246,210,0.0,18.0,0.0,0.0,18.0
18,Supplier,0,0,0,0,0,0,EOD,0,0,0.99,0.0,0.0,0.0,0.99
18,W1,48,0,0,1472,216,205,EOD,0,0,0.99,0.0,0.0,0.0,0.99
18,W2,113,0,0,1490,246,184,EOD,0,0,0.99,0.0,0.0,0.0,0.99
18,R1,187,0,0,275,126,226,EOD,126,126,0.99,0.0,0.0,0.0,0.99
18,R2,73,0,0,331,77,142,EOD,77,77,0.99,0.0,0.0,0.0,0.99
18,R3,33,0,0,1142,182,251,EOD,182,182,0.99,0.0,0.0,0.0,0.99
19,Supplier,0,0,0,0,0,0,EOD,0,0,5.79,0.0,0.0,0.0,5.79
19,W1,57,0,0,1476,203,212,EOD,0,0,5.79,0.0,0.0,0.0,5.79
19,W2,117,0,0,1550,182,186,EOD,0,0,5.79,0.0,0.0,0.0,5.79
19,R1,194,0,0,259,135,142,EOD,135,135,5.79,0.0,0.0,0.0,5.79
19,R2,151,0,0,253,77,155,EOD,77,77,5.79,0.0,0.0,0.0,5.79
19,R3,193,0,0,977,187,347,EOD,187,187,5.79,0.0,0.0,0.0,5.79
20,Supplier,0,0,0,0,0,0,EOD,0,0,8.31,0.0,0.0,0.0,8.31
20,W1,123,0,0,1401,212,278,EOD,0,0,8.31,0.0,0.0,0.0,8.31
20,W2,87,0,0,1575,187,157,EOD,0,0,8.31,0.0,0.0,0.0,8.31
20,R1,173,0,0,261,154,133,EOD,154,154,8.31,0.0,0.0,0.0,8.31
20,R2,157,0,0,237,87,93,EOD,87,87,8.31,0.0,0.0,0.0,8.31
20,R3,277,0,0,832,248,332,EOD,248,248,8.31,0.0,0.0,0.0,8.31
21,Supplier,0,0,0,0,0,0,EOD,0,0,5.7,0.0,0.0,0.0,5.7
21,W1,248,0,0,1247,241,366,EOD,0,0,5.7,0.0,0.0,0.0,5.7
21,W2,90,0,0,1511,248,251,EOD,0,0,5.7,0.0,0.0,0.0,5.7
21,R1,95,0,0,289,204,126,EOD,204,204,5.7,0.0,0.0,0.0,5.7
21,R2,140,0,0,241,100,83,EOD,100,100,5.7,0.0,0.0,0.0,5.7
21,R3,190,0,0,863,304,217,EOD,304,304,5.7,0.0,0.0,0.0,5.7
22,Supplier,0,0,0,0,0,0,EOD,0,0,4.92,0.0,0.0,0.0,4.92
22,W1,325,0,0,1107,304,381,EOD,0,0,4.92,0.0,0.0,0.0,4.92
22,W2,133,0,0,1412,304,347,EOD,0,0,4.92,0.0,0.0,0.0,4.92
22,R1,46,0,0,358,184,135,EOD,184,184,4.92,0.0,0.0,0.0,4.92
22,R2,109,0,0,264,108,77,EOD,108,108,4.92,0.0,0.0,0.0,4.92
22,R3,164,0,0,921,272,246,EOD,272,272,4.92,0.0,0.0,0.0,4.92
23,Supplier,0,0,0,0,0,0,EOD,0,0,5.22,0.0,0.0,0.0,5.22
23,W1,268,0,0,1176,292,235,EOD,0,0,5.22,0.0,0.0,0.0,5.22
23,W2,193,0,0,1384,272,332,EOD,0,0,5.22,0.0,0.0,0.0,5.22
23,R1,83,0,0,388,117,154,EOD,117,117,5.22,0.0,0.0,0.0,5.22
23,R2,97,0,0,295,89,77,EOD,89,89,5.22,0.0,0.0,0.0,5.22
23,R3,174,0,0,1011,172,182,EOD,172,172,5.22,0.0,0.0,0.0,5.22
24,Supplier,0,0,0,0,0,0,EOD,0,0,4.47,0.0,0.0,0.0,4.47
24,W1,278,0,0,1252,206,216,EOD,0,0,4.47,0.0,0.0,0.0,4.47
24,W2,238,0,0,1439,172,217,EOD,0,0,4.47,0.0,0.0,0.0,4.47
24,R1,148,0,0,301,139,204,EOD,139,139,4.47,0.0,0.0,0.0,4.47
24,R2,101,0,0,297,83,87,EOD,83,83,4.47,0.0,0.0,0.0,4.47
24,R3,149,0,0,996,212,187,EOD,212,212,4.47,0.0,0.0,0.0,4.47
25,Supplier,0,0,0,0,0,0,EOD,0,0,5.76,0.0,0.0,0.0,5.76
25,W1,259,0,0,1255,222,203,EOD,0,0,5.76,0.0,0.0,0.0,5.76
25,W2,272,0,0,1365,212,246,EOD,0,0,5.76,0.0,0.0,0.0,5.76
25,R1,206,0,0,256,126,184,EOD,126,126,5.76,0.0,0.0,0.0,5.76
25,R2,135,0,0,280,66,100,EOD,66,66,5.76,0.0,0.0,0.0,5.76
25,R3,192,0,0,960,205,248,EOD,205,205,5.76,0.0,0.0,0.0,5.76
26,Supplier,0,0,0,0,0,0,EOD,0,0,9.18,0.0,0.0,0.0,9.18
26,W1,279,0,0,1265,192,212,EOD,0,0,9.18,0.0,0.0,0.0,9.18
26,W2,249,0,0,1395,205,182,EOD,0,0,9.18,0.0,0.0,0.0,9.18
26,R1,203,0,0,265,120,117,EOD,120,120,9.18,0.0,0.0,0.0,9.18
26,R2,172,0,0,238,71,108,EOD,71,71,9.18,0.0,0.0,0.0,9.18
26,R3,306,0,0,861,190,304,EOD,190,190,9.18,0.0,0.0,0.0,9.18
27,Supplier,0,0,0,0,0,0,EOD,0,0,10.35,0.0,0.0,0.0,10.35
27,W1,329,0,0,1216,191,241,EOD,0,0,10.35,0.0,0.0,0.0,10.35
27,W2,246,0,0,1413,190,187,EOD,0,0,10.35,0.0,0.0,0.0,10.35
27,R1,186,0,0,246,156,139,EOD,156,156,10.35,0.0,0.0,0.0,10.35
27,R2,162,0,0,220,99,89,EOD,99,99,10.35,0.0,0.0,0.0,10.35
27,R3,345,0,0,779,233,272,EOD,233,233,10.35,0.0,0.0,0.0,10.35
28,Supplier,0,0,0,0,0,0,EOD,0,0,6.359999999999999,0.0,0.0,0.0,6.359999999999999
28,W1,378,0,0,1103,255,304,EOD,0,0,6.359999999999999,0.0,0.0,0.0,6.359999999999999
28,W2,261,0,0,1355,233,248,EOD,0,0,6.359999999999999,0.0,0.0,0.0,6.359999999999999
28,R1,147,0,0,276,165,126,EOD,165,165,6.359999999999999,0.0,0.0,0.0,6.359999999999999
28,R2,147,0,0,236,98,83,EOD,98,98,6.359999999999999,0.0,0.0,0.0,6.359999999999999
28,R3,212,0,0,840,305,172,EOD,305,305,6.359999999999999,0.0,0.0,0.0,6.359999999999999
29,Supplier,0,0,0,0,0,0,EOD,0,0,3.81,0.0,0.0,0.0,3.81
29,W1,407,0,0,1066,263,292,EOD,0,0,3.81,0.0,0.0,0.0,3.81
29,W2,260,0,0,1284,305,304,EOD,0,0,3.81,0.0,0.0,0.0,3.81
29,R1,73,0,0,321,194,120,EOD,194,194,3.81,0.0,0.0,0.0,3.81
29,R2,136,0,0,268,77,66,EOD,77,77,3.81,0.0,0.0,0.0,3.81
29,R3,127,0,0,933,297,212,EOD,297,297,3.81,0.0,0.0,0.0,3.81
30,Supplier,0,0,0,0,0,0,EOD,0,0,4.92,0.0,0.0,0.0,4.92
30,W1,342,0,0,1123,271,206,EOD,0,0,4.92,0.0,0.0,0.0,4.92
30,W2,235,0,0,1317,297,272,EOD,0,0,4.92,0.0,0.0,0.0,4.92
30,R1,110,0,0,359,119,156,EOD,119,119,4.92,0.0,0.0,0.0,4.92
30,R2,137,0,0,274,70,71,EOD,70,70,4.92,0.0,0.0,0.0,4.92
30,R3,164,0,0,1025,168,205,EOD,168,168,4.92,0.0,0.0,0.0,4.92
31,Supplier,0,0,0,0,0,0,EOD,0,0,3.36,0.0,0.0,0.0,3.36
31,W1,375,0,0,1172,189,222,EOD,0,0,3.36,0.0,0.0,0.0,3.36
31,W2,239,0,0,1442,168,172,EOD,0,0,3.36,0.0,0.0,0.0,3.36
31,R1,152,0,0,313,123,165,EOD,123,123,3.36,0.0,0.0,0.0,3.36
31,R2,153,0,0,245,83,99,EOD,83,83,3.36,0.0,0.0,0.0,3.36
31,R3,112,0,0,1003,242,190,EOD,242,242,3.36,0.0,0.0,0.0,3.36
32,Supplier,0,0,0,0,0,0,EOD,0,0,4.109999999999999,0.0,0.0,0.0,4.109999999999999
32,W1,361,0,0,1169,206,192,EOD,0,0,4.109999999999999,0.0,0.0,0.0,4.109999999999999
32,W2,209,0,0,1398,242,212,EOD,0,0,4.109999999999999,0.0,0.0,0.0,4.109999999999999
32,R1,219,0,0,242,127,194,EOD,127,127,4.109999999999999,0.0,0.0,0.0,4.109999999999999
32,R2,170,0,0,230,81,98,EOD,81,81,4.109999999999999,0.0,0.0,0.0,4.109999999999999
32,R3,137,0,0,1012,208,233,EOD,208,208,4.109999999999999,0.0,0.0,0.0,4.109999999999999
33,Supplier,0,0,0,0,0,0,EOD,0,0,7.17,0.0,0.0,0.0,7.17
33,W1,344,0,0,1184,208,191,EOD,0,0,7.17,0.0,0.0,0.0,7.17
33,W2,206,0,0,1435,208,205,EOD,0,0,7.17,0.0,0.0,0.0,7.17
33,R1,189,0,0,250,149,119,EOD,149,149,7.17,0.0,0.0,0.0,7.17
33,R2,145,0,0,234,102,77,EOD,102,102,7.17,0.0,0.0,0.0,7.17
33,R3,239,0,0,915,203,305,EOD,203,203,7.17,0.0,0.0,0.0,7.17
34,Supplier,0,0,0,0,0,0,EOD,0,0,8.58,0.0,0.0,0.0,8.58
34,W1,348,0,0,1137,251,255,EOD,0,0,8.58,0.0,0.0,0.0,8.58
34,W2,193,0,0,1453,203,190,EOD,0,0,8.58,0.0,0.0,0.0,8.58
34,R1,146,0,0,276,166,123,EOD,166,166,8.58,0.0,0.0,0.0,8.58
34,R2,123,0,0,266,92,70,EOD,92,92,8.58,0.0,0.0,0.0,8.58
34,R3,286,0,0,821,250,297,EOD,250,250,8.58,0.0,0.0,0.0,8.58
35,Supplier,0,0,0,0,0,0,EOD,0,0,4.62,0.0,0.0,0.0,4.62
35,W1,353,0,0,1125,258,263,EOD,0,0,4.62,0.0,0.0,0.0,4.62
35,W2,176,0,0,1423,250,233,EOD,0,0,4.62,0.0,0.0,0.0,4.62
35,R1,93,0,0,315,180,127,EOD,180,180,4.62,0.0,0.0,0.0,4.62
35,R2,68,0,0,275,138,83,EOD,138,138,4.62,0.0,0.0,0.0,4.62
35,R3,154,0,0,903,300,168,EOD,300,300,4.62,0.0,0.0,0.0,4.62
36,Supplier,0,0,0,0,0,0,EOD,0,0,2.4899999999999998,0.0,0.0,0.0,2.4899999999999998
36,W1,306,0,0,1112,318,271,EOD,0,0,2.4899999999999998,0.0,0.0,0.0,2.4899999999999998
36,W2,181,0,0,1368,300,305,EOD,0,0,2.4899999999999998,0.0,0.0,0.0,2.4899999999999998
36,R1,63,0,0,346,179,149,EOD,179,179,2.4899999999999998,0.0,0.0,0.0,2.4899999999999998
36,R2,24,0,0,332,125,81,EOD,125,125,2.4899999999999998,0.0,0.0,0.0,2.4899999999999998
36,R3,83,0,0,961,313,242,EOD,313,313,2.4899999999999998,0.0,0.0,0.0,2.4899999999999998
37,Supplier,0,0,0,0,0,0,EOD,0,0,1.98,0.0,0.0,0.0,1.98
37,W1,191,0,0,1241,304,189,EOD,0,0,1.98,0.0,0.0,0.0,1.98
37,W2,165,0,0,1371,313,297,EOD,0,0,1.98,0.0,0.0,0.0,1.98
37,R1,129,0,0,359,100,166,EOD,100,100,1.98,0.0,0.0,0.0,1.98
37,R2,41,0,0,355,85,102,EOD,85,85,1.98,0.0,0.0,0.0,1.98
37,R3,66,0,0,1066,225,208,EOD,225,225,1.98,0.0,0.0,0.0,1.98
38,Supplier,0,0,0,0,0,0,EOD,0,0,1.89,0.0,0.0,0.0,1.89
38,W1,212,0,0,1339,185,206,EOD,0,0,1.89,0.0,0.0,0.0,1.89
38,W2,108,0,0,1516,225,168,EOD,0,0,1.89,0.0,0.0,0.0,1.89
38,R1,192,0,0,279,117,180,EOD,117,117,1.89,0.0,0.0,0.0,1.89
38,R2,25,0,0,348,108,92,EOD,108,108,1.89,0.0,0.0,0.0,1.89
38,R3,63,0,0,1088,206,203,EOD,206,206,1.89,0.0,0.0,0.0,1.89
39,Supplier,0,0,0,0,0,0,EOD,0,0,3.51,0.0,0.0,0.0,3.51
39,W1,195,0,0,1316,225,208,EOD,0,0,3.51,0.0,0.0,0.0,3.51
39,W2,144,0,0,1499,206,242,EOD,0,0,3.51,0.0,0.0,0.0,3.51
39,R1,235,0,0,217,136,179,EOD,136,136,3.51,0.0,0.0,0.0,3.51
39,R2,79,0,0,318,84,138,EOD,84,84,3.51,0.0,0.0,0.0,3.51
39,R3,117,0,0,1044,196,250,EOD,196,196,3.51,0.0,0.0,0.0,3.51
40,Supplier,0,0,0,0,0,0,EOD,0,0,5.7299999999999995,0.0,0.0,0.0,5.7299999999999995
40,W1,226,0,0,1290,220,251,EOD,0,0,5.7299999999999995,0.0,0.0,0.0,5.7299999999999995
40,W2,156,0,0,1497,196,208,EOD,0,0,5.7299999999999995,0.0,0.0,0.0,5.7299999999999995
40,R1,212,0,0,253,123,100,EOD,123,123,5.7299999999999995,0.0,0.0,0.0,5.7299999999999995
40,R2,113,0,0,277,91,125,EOD,91,91,5.7299999999999995,0.0,0.0,0.0,5.7299999999999995
40,R3,191,0,0,940,226,300,EOD,226,226,5.7299999999999995,0.0,0.0,0.0,5.7299999999999995
41,Supplier,0,0,0,0,0,0,EOD,0,0,8.1,0.0,0.0,0.0,8.1
41,W1,270,0,0,1252,214,258,EOD,0,0,8.1,0.0,0.0,0.0,8.1
41,W2,133,0,0,1490,226,203,EOD,0,0,8.1,0.0,0.0,0.0,8.1
41,R1,178,0,0,259,151,117,EOD,151,151,8.1,0.0,0.0,0.0,8.1
41,R2,116,0,0,283,82,85,EOD,82,82,8.1,0.0,0.0,0.0,8.1
41,R3,270,0,0,853,234,313,EOD,234,234,8.1,0.0,0.0,0.0,8.1
42,Supplier,0,0,0,0,0,0,EOD,0,0,4.5,0.0,0.0,0.0,4.5
42,W1,355,0,0,1148,233,318,EOD,0,0,4.5,0.0,0.0,0.0,4.5
42,W2,149,0,0,1466,234,250,EOD,0,0,4.5,0.0,0.0,0.0,4.5
42,R1,134,0,0,274,180,136,EOD,180,180,4.5,0.0,0.0,0.0,4.5
42,R2,124,0,0,257,100,108,EOD,100,100,4.5,0.0,0.0,0.0,4.5
42,R3,150,0,0,862,345,225,EOD,345,345,4.5,0.0,0.0,0.0,4.5
43,Supplier,0,0,0,0,0,0,EOD,0,0,1.7999999999999998,0.0,0.0,0.0,1.7999999999999998
43,W1,379,0,0,1077,280,304,EOD,0,0,1.7999999999999998,0.0,0.0,0.0,1.7999999999999998
43,W2,104,0,0,1400,345,300,EOD,0,0,1.7999999999999998,0.0,0.0,0.0,1.7999999999999998
43,R1,81,0,0,331,176,123,EOD,176,176,1.7999999999999998,0.0,0.0,0.0,1.7999999999999998
43,R2,124,0,0,273,84,84,EOD,84,84,1.7999999999999998,0.0,0.0,0.0,1.7999999999999998
43,R3,60,0,0,1001,296,206,EOD,296,296,1.7999999999999998,0.0,0.0,0.0,1.7999999999999998
44,Supplier,0,0,0,0,0,0,EOD,0,0,1.68,0.0,0.0,0.0,1.68
44,W1,304,0,0,1172,260,185,EOD,0,0,1.68,0.0,0.0,0.0,1.68
44,W2,121,0,0,1432,296,313,EOD,0,0,1.68,0.0,0.0,0.0,1.68
44,R1,113,0,0,356,119,151,EOD,119,119,1.68,0.0,0.0,0.0,1.68
44,R2,121,0,0,266,94,91,EOD,94,94,1.68,0.0,0.0,0.0,1.68
44,R3,56,0,0,1101,200,196,EOD,200,200,1.68,0.0,0.0,0.0,1.68
45,Supplier,0,0,0,0,0,0,EOD,0,0,0.75,0.0,0.0,0.0,0.75
45,W1,316,0,0,1207,213,225,EOD,0,0,0.75,0.0,0.0,0.0,0.75
45,W2,146,0,0,1503,200,225,EOD,0,0,0.75,0.0,0.0,0.0,0.75
45,R1,177,0,0,295,116,180,EOD,116,116,0.75,0.0,0.0,0.0,0.75
45,R2,126,0,0,278,77,82,EOD,77,77,0.75,0.0,0.0,0.0,0.75
45,R3,25,0,0,1075,257,226,EOD,257,257,0.75,0.0,0.0,0.0,0.75
46,Supplier,0,0,0,0,0,0,EOD,0,0,1.5,0.0,0.0,0.0,1.5
46,W1,343,0,0,1200,193,220,EOD,0,0,1.5,0.0,0.0,0.0,1.5
46,W2,95,0,0,1497,257,206,EOD,0,0,1.5,0.0,0.0,0.0,1.5
46,R1,234,0,0,235,119,176,EOD,119,119,1.5,0.0,0.0,0.0,1.5
46,R2,159,0,0,255,67,100,EOD,67,67,1.5,0.0,0.0,0.0,1.5
46,R3,50,0,0,1098,209,234,EOD,209,209,1.5,0.0,0.0,0.0,1.5
47,Supplier,0,0,0,0,0,0,EOD,0,0,4.9799999999999995,0.0,0.0,0.0,4.9799999999999995
47,W1,371,0,0,1179,186,214,EOD,0,0,4.9799999999999995,0.0,0.0,0.0,4.9799999999999995
47,W2,82,0,0,1558,209,196,EOD,0,0,4.9799999999999995,0.0,0.0,0.0,4.9799999999999995
47,R1,219,0,0,235,134,119,EOD,134,134,4.9799999999999995,0.0,0.0,0.0,4.9799999999999995
47,R2,146,0,0,238,97,84,EOD,97,97,4.9799999999999995,0.0,0.0,0.0,4.9799999999999995
47,R3,166,0,0,962,229,345,EOD,229,229,4.9799999999999995,0.0,0.0,0.0,4.9799999999999995
48,Supplier,0,0,0,0,0,0,EOD,0,0,7.02,0.0,0.0,0.0,7.02
48,W1,373,0,0,1132,231,233,EOD,0,0,7.02,0.0,0.0,0.0,7.02
48,W2,79,0,0,1541,229,226,EOD,0,0,7.02,0.0,0.0,0.0,7.02
48,R1,214,0,0,253,121,116,EOD,121,121,7.02,0.0,0.0,0.0,7.02
48,R2,156,0,0,241,84,94,EOD,84,84,7.02,0.0,0.0,0.0,7.02
48,R3,234,0,0,895,228,296,EOD,228,228,7.02,0.0,0.0,0.0,7.02
49,Supplier,0,0,0,0,0,0,EOD,0,0,4.2299999999999995,0.0,0.0,0.0,4.2299999999999995
49,W1,448,0,0,1083,205,280,EOD,0,0,4.2299999999999995,0.0,0.0,0.0,4.2299999999999995
49,W2,85,0,0,1536,228,234,EOD,0,0,4.2299999999999995,0.0,0.0,0.0,4.2299999999999995
49,R1,167,0,0,255,166,119,EOD,166,166,4.2299999999999995,0.0,0.0,0.0,4.2299999999999995
49,R2,152,0,0,248,81,77,EOD,81,81,4.2299999999999995,0.0,0.0,0.0,4.2299999999999995
49,R3,141,0,0,923,293,200,EOD,293,293,4.2299999999999995,0.0,0.0,0.0,4.2299999999999995
50,Supplier,0,0,0,0,0,0,EOD,0,0,1.6199999999999999,0.0,0.0,0.0,1.6199999999999999
50,W1,461,0,0,1028,247,260,EOD,0,0,1.6199999999999999,0.0,0.0,0.0,1.6199999999999999
50,W2,137,0,0,1419,293,345,EOD,0,0,1.6199999999999999,0.0,0.0,0.0,1.6199999999999999
50,R1,103,0,0,287,198,134,EOD,198,198,1.6199999999999999,0.0,0.0,0.0,1.6199999999999999
50,R2,121,0,0,262,98,67,EOD,98,98,1.6199999999999999,0.0,0.0,0.0,1.6199999999999999
50,R3,54,0,0,959,344,257,EOD,344,344,1.6199999999999999,0.0,0.0,0.0,1.6199999999999999
51,Supplier,0,0,0,0,0,0,EOD,0,0,1.68,0.0,0.0,0.0,1.68
51,W1,378,0,0,1062,296,213,EOD,0,0,1.68,0.0,0.0,0.0,1.68
51,W2,89,0,0,1416,344,296,EOD,0,0,1.68,0.0,0.0,0.0,1.68
51,R1,82,0,0,364,142,121,EOD,142,142,1.68,0.0,0.0,0.0,1.68
51,R2,149,0,0,263,69,97,EOD,69,69,1.68,0.0,0.0,0.0,1.68
51,R3,56,0,0,1094,207,209,EOD,207,207,1.68,0.0,0.0,0.0,1.68
52,Supplier,0,0,0,0,0,0,EOD,0,0,2.13,0.0,0.0,0.0,2.13
52,W1,360,0,0,1165,211,193,EOD,0,0,2.13,0.0,0.0,0.0,2.13
52,W2,82,0,0,1560,207,200,EOD,0,0,2.13,0.0,0.0,0.0,2.13
52,R1,134,0,0,340,114,166,EOD,114,114,2.13,0.0,0.0,0.0,2.13
52,R2,156,0,0,248,77,84,EOD,77,77,2.13,0.0,0.0,0.0,2.13
52,R3,71,0,0,1072,214,229,EOD,214,214,2.13,0.0,0.0,0.0,2.13
53,Supplier,0,0,0,0,0,0,EOD,0,0,2.25,0.0,0.0,0.0,2.25
53,W1,355,0,0,1190,191,186,EOD,0,0,2.25,0.0,0.0,0.0,2.25
53,W2,125,0,0,1510,214,257,EOD,0,0,2.25,0.0,0.0,0.0,2.25
53,R1,222,0,0,256,110,198,EOD,110,110,2.25,0.0,0.0,0.0,2.25
53,R2,177,0,0,244,60,81,EOD,60,60,2.25,0.0,0.0,0.0,2.25
53,R3,75,0,0,1058,224,228,EOD,224,224,2.25,0.0,0.0,0.0,2.25
54,Supplier,0,0,0,0,0,0,EOD,0,0,4.8,0.0,0.0,0.0,4.8
54,W1,416,0,0,1150,170,231,EOD,0,0,4.8,0.0,0.0,0.0,4.8
54,W2,110,0,0,1515,224,209,EOD,0,0,4.8,0.0,0.0,0.0,4.8
54,R1,252,0,0,224,112,142,EOD,112,112,4.8,0.0,0.0,0.0,4.8
54,R2,210,0,0,206,65,98,EOD,65,65,4.8,0.0,0.0,0.0,4.8
54,R3,160,0,0,989,208,293,EOD,208,208,4.8,0.0,0.0,0.0,4.8
55,Supplier,0,0,0,0,0,0,EOD,0,0,8.49,0.0,0.0,0.0,8.49
55,W1,444,0,0,1115,177,205,EOD,0,0,8.49,0.0,0.0,0.0,8.49
55,W2,131,0,0,1510,208,229,EOD,0,0,8.49,0.0,0.0,0.0,8.49
55,R1,231,0,0,222,135,114,EOD,135,135,8.49,0.0,0.0,0.0,8.49
55,R2,214,0,0,202,65,69,EOD,65,65,8.49,0.0,0.0,0.0,8.49
55,R3,283,0,0,853,221,344,EOD,221,221,8.49,0.0,0.0,0.0,8.49
56,Supplier,0,0,0,0,0,0,EOD,0,0,6.66,0.0,0.0,0.0,6.66
56,W1,491,0,0,1045,200,247,EOD,0,0,6.66,0.0,0.0,0.0,6.66
56,W2,138,0,0,1490,221,228,EOD,0,0,6.66,0.0,0.0,0.0,6.66
56,R1,156,0,0,247,185,110,EOD,185,185,6.66,0.0,0.0,0.0,6.66
56,R2,201,0,0,190,90,77,EOD,90,90,6.66,0.0,0.0,0.0,6.66
56,R3,222,0,0,867,268,207,EOD,268,268,6.66,0.0,0.0,0.0,6.66
57,Supplier,0,0,0,0,0,0,EOD,0,0,4.95,0.0,0.0,0.0,4.95
57,W1,512,0,0,949,275,296,EOD,0,0,4.95,0.0,0.0,0.0,4.95
57,W2,163,0,0,1418,268,293,EOD,0,0,4.95,0.0,0.0,0.0,4.95
57,R1,73,0,0,320,195,112,EOD,195,195,4.95,0.0,0.0,0.0,4.95
57,R2,178,0,0,220,83,60,EOD,83,83,4.95,0.0,0.0,0.0,4.95
57,R3,165,0,0,921,271,214,EOD,271,271,4.95,0.0,0.0,0.0,4.95
58,Supplier,0,0,0,0,0,0,EOD,0,0,6.18,0.0,0.0,0.0,6.18
58,W1,445,0,0,1013,278,211,EOD,0,0,6.18,0.0,0.0,0.0,6.18
58,W2,236,0,0,1342,271,344,EOD,0,0,6.18,0.0,0.0,0.0,6.18
58,R1,104,0,0,380,104,135,EOD,104,104,6.18,0.0,0.0,0.0,6.18
58,R2,159,0,0,238,84,65,EOD,84,84,6.18,0.0,0.0,0.0,6.18
58,R3,206,0,0,968,183,224,EOD,183,183,6.18,0.0,0.0,0.0,6.18
59,Supplier,0,0,0,0,0,0,EOD,0,0,7.319999999999999,0.0,0.0,0.0,7.319999999999999
59,W1,448,0,0,1100,188,191,EOD,0,0,7.319999999999999,0.0,0.0,0.0,7.319999999999999
59,W2,260,0,0,1406,183,207,EOD,0,0,7.319999999999999,0.0,0.0,0.0,7.319999999999999
59,R1,171,0,0,299,118,185,EOD,118,118,7.319999999999999,0.0,0.0,0.0,7.319999999999999
59,R2,155,0,0,257,69,65,EOD,69,69,7.319999999999999,0.0,0.0,0.0,7.319999999999999
59,R3,244,0,0,943,170,208,EOD,170,170,7.319999999999999,0.0,0.0,0.0,7.319999999999999
60,Supplier,0,0,0,0,0,0,EOD,0,0,8.7,0.0,0.0,0.0,8.7
60,W1,431,0,0,1118,187,170,EOD,0,0,8.7,0.0,0.0,0.0,8.7
60,W2,304,0,0,1375,170,214,EOD,0,0,8.7,0.0,0.0,0.0,8.7
60,R1,262,0,0,222,104,195,EOD,104,104,8.7,0.0,0.0,0.0,8.7
60,R2,157,0,0,236,88,90,EOD,88,88,8.7,0.0,0.0,0.0,8.7
60,R3,290,0,0,892,175,221,EOD,175,175,8.7,0.0,0.0,0.0,8.7
61,Supplier,0,0,0,0,0,0,EOD,0,0,9.87,0.0,0.0,0.0,9.87
61,W1,416,0,0,1128,192,177,EOD,0,0,9.87,0.0,0.0,0.0,9.87
61,W2,353,0,0,1321,175,224,EOD,0,0,9.87,0.0,0.0,0.0,9.87
61,R1,208,0,0,222,158,104,EOD,158,158,9.87,0.0,0.0,0.0,9.87
61,R2,158,0,0,241,82,83,EOD,82,82,9.87,0.0,0.0,0.0,9.87
61,R3,329,0,0,799,229,268,EOD,229,229,9.87,0.0,0.0,0.0,9.87
62,Supplier,0,0,0,0,0,0,EOD,0,0,10.139999999999999,0.0,0.0,0.0,10.139999999999999
62,W1,376,0,0,1120,240,200,EOD,0,0,10.139999999999999,0.0,0.0,0.0,10.139999999999999
62,W2,332,0,0,1288,229,208,EOD,0,0,10.139999999999999,0.0,0.0,0.0,10.139999999999999
62,R1,142,0,0,262,184,118,EOD,184,184,10.139999999999999,0.0,0.0,0.0,10.139999999999999
62,R2,135,0,0,239,107,84,EOD,107,107,10.139999999999999,0.0,0.0,0.0,10.139999999999999
62,R3,338,0,0,757,262,271,EOD,262,262,10.139999999999999,0.0,0.0,0.0,10.139999999999999
63,Supplier,0,0,0,0,0,0,EOD,0,0,6.27,0.0,0.0,0.0,6.27
63,W1,360,0,0,1085,291,275,EOD,0,0,6.27,0.0,0.0,0.0,6.27
63,W2,291,0,0,1296,262,221,EOD,0,0,6.27,0.0,0.0,0.0,6.27
63,R1,51,0,0,342,195,104,EOD,195,195,6.27,0.0,0.0,0.0,6.27
63,R2,83,0,0,277,121,69,EOD,121,121,6.27,0.0,0.0,0.0,6.27
63,R3,209,0,0,836,312,183,EOD,312,312,6.27,0.0,0.0,0.0,6.27
64,Supplier,0,0,0,0,0,0,EOD,0,0,2.88,0.0,0.0,0.0,2.88
64,W1,322,0,0,1098,316,278,EOD,0,0,2.88,0.0,0.0,0.0,2.88
64,W2,247,0,0,1290,312,268,EOD,0,0,2.88,0.0,0.0,0.0,2.88
64,R1,0,11,0,379,220,158,EOD,220,209,2.88,0.0,0.0,0.0,2.88
64,R2,51,0,0,310,120,88,EOD,120,120,2.88,0.0,0.0,0.0,2.88
64,R3,96,0,0,978,283,170,EOD,283,283,2.88,0.0,0.0,0.0,2.88
65,Supplier,0,0,0,0,0,0,EOD,0,0,2.58,0.0,0.0,0.0,2.58
65,W1,170,0,0,1226,340,188,EOD,0,0,2.58,0.0,0.0,0.0,2.58
65,W2,235,0,0,1331,283,271,EOD,0,0,2.58,0.0,0.0,0.0,2.58
65,R1,14,0,0,415,159,184,EOD,159,159,2.58,0.0,0.0,0.0,2.58
65,R2,4,0,0,348,129,82,EOD,129,129,2.58,0.0,0.0,0.0,2.58
65,R3,86,0,0,1086,185,175,EOD,185,185,2.58,0.0,0.0,0.0,2.58
66,Supplier,0,0,0,0,0,0,EOD,0,0,3.3,0.0,0.0,0.0,3.3
66,W1,69,0,0,1379,288,187,EOD,0,0,3.3,0.0,0.0,0.0,3.3
66,W2,233,0,0,1431,185,183,EOD,0,0,3.3,0.0,0.0,0.0,3.3
66,R1,85,0,0,379,124,195,EOD,124,124,3.3,0.0,0.0,0.0,3.3
66,R2,28,0,0,370,83,107,EOD,83,83,3.3,0.0,0.0,0.0,3.3
66,R3,110,0,0,1042,205,229,EOD,205,205,3.3,0.0,0.0,0.0,3.3
67,Supplier,0,0,0,0,0,0,EOD,0,0,4.4399999999999995,0.0,0.0,0.0,4.4399999999999995
67,W1,54,0,0,1475,207,192,EOD,0,0,4.4399999999999995,0.0,0.0,0.0,4.4399999999999995
67,W2,198,0,0,1446,205,170,EOD,0,0,4.4399999999999995,0.0,0.0,0.0,4.4399999999999995
67,R1,189,0,0,283,116,220,EOD,116,116,4.4399999999999995,0.0,0.0,0.0,4.4399999999999995
67,R2,66,0,0,332,83,121,EOD,83,83,4.4399999999999995,0.0,0.0,0.0,4.4399999999999995
67,R3,148,0,0,985,224,262,EOD,224,224,4.4399999999999995,0.0,0.0,0.0,4.4399999999999995
68,Supplier,0,0,0,0,0,0,EOD,0,0,8.64,0.0,0.0,0.0,8.64
68,W1,95,0,0,1442,199,240,EOD,0,0,8.64,0.0,0.0,0.0,8.64
68,W2,149,0,0,1476,224,175,EOD,0,0,8.64,0.0,0.0,0.0,8.64
68,R1,211,0,0,240,137,159,EOD,137,137,8.64,0.0,0.0,0.0,8.64
68,R2,123,0,0,295,63,120,EOD,63,63,8.64,0.0,0.0,0.0,8.64
68,R3,288,0,0,897,172,312,EOD,172,172,8.64,0.0,0.0,0.0,8.64
69,Supplier,0,0,0,0,0,0,EOD,0,0,10.41,0.0,0.0,0.0,10.41
69,W1,186,0,0,1350,200,291,EOD,0,0,10.41,0.0,0.0,0.0,10.41
69,W2,206,0,0,1471,172,229,EOD,0,0,10.41,0.0,0.0,0.0,10.41
69,R1,180,0,0,253,155,124,EOD,155,155,10.41,0.0,0.0,0.0,10.41
69,R2,185,0,0,229,67,129,EOD,67,67,10.41,0.0,0.0,0.0,10.41
69,R3,347,0,0,786,224,283,EOD,224,224,10.41,0.0,0.0,0.0,10.41
70,Supplier,0,0,0,0,0,0,EOD,0,0,6.87,0.0,0.0,0.0,6.87
70,W1,280,0,0,1234,222,316,EOD,0,0,6.87,0.0,0.0,0.0,6.87
70,W2,244,0,0,1381,224,262,EOD,0,0,6.87,0.0,0.0,0.0,6.87
70,R1,77,0,0,292,219,116,EOD,219,219,6.87,0.0,0.0,0.0,6.87
70,R2,167,0,0,213,101,83,EOD,101,101,6.87,0.0,0.0,0.0,6.87
70,R3,229,0,0,825,303,185,EOD,303,303,6.87,0.0,0.0,0.0,6.87
71,Supplier,0,0,0,0,0,0,EOD,0,0,3.03,0.0,0.0,0.0,3.03
71,W1,300,0,0,1116,320,340,EOD,0,0,3.03,0.0,0.0,0.0,3.03
71,W2,253,0,0,1293,303,312,EOD,0,0,3.03,0.0,0.0,0.0,3.03
71,R1,0,0,0,374,214,137,EOD,214,214,3.03,0.0,0.0,0.0,3.03
71,R2,132,0,0,231,118,83,EOD,118,118,3.03,0.0,0.0,0.0,3.03
71,R3,101,0,0,923,333,205,EOD,333,333,3.03,0.0,0.0,0.0,3.03
72,Supplier,0,0,0,0,0,0,EOD,0,0,2.37,0.0,0.0,0.0,2.37
72,W1,256,0,0,1148,332,288,EOD,0,0,2.37,0.0,0.0,0.0,2.37
72,W2,203,0,0,1313,333,283,EOD,0,0,2.37,0.0,0.0,0.0,2.37
72,R1,28,0,0,433,127,155,EOD,127,127,2.37,0.0,0.0,0.0,2.37
72,R2,98,0,0,286,97,63,EOD,97,97,2.37,0.0,0.0,0.0,2.37
72,R3,79,0,0,1032,246,224,EOD,246,246,2.37,0.0,0.0,0.0,2.37
73,Supplier,0,0,0,0,0,0,EOD,0,0,1.2,0.0,0.0,0.0,1.2
73,W1,239,0,0,1273,224,207,EOD,0,0,1.2,0.0,0.0,0.0,1.2
73,W2,142,0,0,1461,246,185,EOD,0,0,1.2,0.0,0.0,0.0,1.2
73,R1,101,0,0,341,146,219,EOD,146,146,1.2,0.0,0.0,0.0,1.2
73,R2,74,0,0,316,91,67,EOD,91,91,1.2,0.0,0.0,0.0,1.2
73,R3,40,0,0,1106,211,172,EOD,211,211,1.2,0.0,0.0,0.0,1.2
74,Supplier,0,0,0,0,0,0,EOD,0,0,0.72,0.0,0.0,0.0,0.72
74,W1,201,0,0,1298,237,199,EOD,0,0,0.72,0.0,0.0,0.0,0.72
74,W2,136,0,0,1502,211,205,EOD,0,0,0.72,0.0,0.0,0.0,0.72
74,R1,199,0,0,273,116,214,EOD,116,116,0.72,0.0,0.0,0.0,0.72
74,R2,103,0,0,306,72,101,EOD,72,72,0.72,0.0,0.0,0.0,0.72
74,R3,24,0,0,1093,240,224,EOD,240,240,0.72,0.0,0.0,0.0,0.72
75,Supplier,0,0,0,0,0,0,EOD,0,0,3.75,0.0,0.0,0.0,3.75
75,W1,213,0,0,1335,188,200,EOD,0,0,3.75,0.0,0.0,0.0,3.75
75,W2,120,0,0,1489,240,224,EOD,0,0,3.75,0.0,0.0,0.0,3.75
75,R1,181,0,0,262,145,127,EOD,145,145,3.75,0.0,0.0,0.0,3.75
75,R2,156,0,0,260,65,118,EOD,65,65,3.75,0.0,0.0,0.0,3.75
75,R3,125,0,0,1030,202,303,EOD,202,202,3.75,0.0,0.0,0.0,3.75
76,Supplier,0,0,0,0,0,0,EOD,0,0,6.54,0.0,0.0,0.0,6.54
76,W1,225,0,0,1301,210,222,EOD,0,0,6.54,0.0,0.0,0.0,6.54
76,W2,90,0,0,1557,202,172,EOD,0,0,6.54,0.0,0.0,0.0,6.54
76,R1,166,0,0,261,161,146,EOD,161,161,6.54,0.0,0.0,0.0,6.54
76,R2,167,0,0,228,86,97,EOD,86,86,6.54,0.0,0.0,0.0,6.54
76,R3,218,0,0,899,240,333,EOD,240,240,6.54,0.0,0.0,0.0,6.54
77,Supplier,0,0,0,0,0,0,EOD,0,0,5.25,0.0,0.0,0.0,5.25
77,W1,298,0,0,1191,247,320,EOD,0,0,5.25,0.0,0.0,0.0,5.25
77,W2,74,0,0,1535,240,224,EOD,0,0,5.25,0.0,0.0,0.0,5.25
77,R1,71,0,0,306,211,116,EOD,211,211,5.25,0.0,0.0,0.0,5.25
77,R2,112,0,0,223,146,91,EOD,146,146,5.25,0.0,0.0,0.0,5.25
77,R3,175,0,0,893,289,246,EOD,289,289,5.25,0.0,0.0,0.0,5.25
78,Supplier,0,0,0,0,0,0,EOD,0,0,2.4899999999999998,0.0,0.0,0.0,2.4899999999999998
78,W1,273,0,0,1106,357,332,EOD,0,0,2.4899999999999998,0.0,0.0,0.0,2.4899999999999998
78,W2,88,0,0,1472,289,303,EOD,0,0,2.4899999999999998,0.0,0.0,0.0,2.4899999999999998
78,R1,6,0,0,372,210,145,EOD,210,210,2.4899999999999998,0.0,0.0,0.0,2.4899999999999998
78,R2,60,0,0,297,124,72,EOD,124,124,2.4899999999999998,0.0,0.0,0.0,2.4899999999999998
78,R3,83,0,0,971,303,211,EOD,303,303,2.4899999999999998,0.0,0.0,0.0,2.4899999999999998
79,Supplier,0,0,0,0,0,0,EOD,0,0,3.2399999999999998,0.0,0.0,0.0,3.2399999999999998
79,W1,163,0,0,1239,334,224,EOD,0,0,3.2399999999999998,0.0,0.0,0.0,3.2399999999999998
79,W2,118,0,0,1428,303,333,EOD,0,0,3.2399999999999998,0.0,0.0,0.0,3.2399999999999998
79,R1,8,0,0,421,159,161,EOD,159,159,3.2399999999999998,0.0,0.0,0.0,3.2399999999999998
79,R2,43,0,0,356,82,65,EOD,82,82,3.2399999999999998,0.0,0.0,0.0,3.2399999999999998
79,R3,108,0,0,1034,215,240,EOD,215,215,3.2399999999999998,0.0,0.0,0.0,3.2399999999999998
80,Supplier,0,0,0,0,0,0,EOD,0,0,2.61,0.0,0.0,0.0,2.61
80,W1,159,0,0,1336,241,237,EOD,0,0,2.61,0.0,0.0,0.0,2.61
80,W2,149,0,0,1485,215,246,EOD,0,0,2.61,0.0,0.0,0.0,2.61
80,R1,90,0,0,369,129,211,EOD,129,129,2.61,0.0,0.0,0.0,2.61
80,R2,51,0,0,352,78,86,EOD,78,78,2.61,0.0,0.0,0.0,2.61
80,R3,87,0,0,1047,223,202,EOD,223,223,2.61,0.0,0.0,0.0,2.61
81,Supplier,0,0,0,0,0,0,EOD,0,0,2.55,0.0,0.0,0.0,2.55
81,W1,140,0,0,1389,207,188,EOD,0,0,2.55,0.0,0.0,0.0,2.55
81,W2,137,0,0,1489,223,211,EOD,0,0,2.55,0.0,0.0,0.0,2.55
81,R1,162,0,0,288,138,210,EOD,138,138,2.55,0.0,0.0,0.0,2.55
81,R2,113,0,0,284,84,146,EOD,84,84,2.55,0.0,0.0,0.0,2.55
81,R3,85,0,0,1030,242,240,EOD,242,242,2.55,0.0,0.0,0.0,2.55
82,Supplier,0,0,0,0,0,0,EOD,0,0,4.83,0.0,0.0,0.0,4.83
82,W1,128,0,0,1386,222,210,EOD,0,0,4.83,0.0,0.0,0.0,4.83
82,W2,135,0,0,1472,242,240,EOD,0,0,4.83,0.0,0.0,0.0,4.83
82,R1,196,0,0,267,125,159,EOD,125,125,4.83,0.0,0.0,0.0,4.83
82,R2,167,0,0,244,70,124,EOD,70,70,4.83,0.0,0.0,0.0,4.83
82,R3,161,0,0,983,213,289,EOD,213,213,4.83,0.0,0.0,0.0,4.83
83,Supplier,0,0,0,0,0,0,EOD,0,0,4.59,0.0,0.0,0.0,4.59
83,W1,180,0,0,1361,195,247,EOD,0,0,4.59,0.0,0.0,0.0,4.59
83,W2,124,0,0,1512,213,202,EOD,0,0,4.59,0.0,0.0,0.0,4.59
83,R1,130,0,0,263,195,129,EOD,195,195,4.59,0.0,0.0,0.0,4.59
83,R2,167,0,0,232,82,82,EOD,82,82,4.59,0.0,0.0,0.0,4.59
83,R3,153,0,0,893,311,303,EOD,311,311,4.59,0.0,0.0,0.0,4.59
84,Supplier,0,0,0,0,0,0,EOD,0,0,0.87,0.0,0.0,0.0,0.87
84,W1,260,0,0,1199,277,357,EOD,0,0,0.87,0.0,0.0,0.0,0.87
84,W2,53,0,0,1485,311,240,EOD,0,0,0.87,0.0,0.0,0.0,0.87
84,R1,53,0,0,320,215,138,EOD,215,215,0.87,0.0,0.0,0.0,0.87
84,R2,124,0,0,236,121,78,EOD,121,121,0.87,0.0,0.0,0.0,0.87
84,R3,29,0,0,989,339,215,EOD,339,339,0.87,0.0,0.0,0.0,0.87
85,Supplier,0,0,0,0,0,0,EOD,0,0,0.0,33.0,0.0,0.0,33.0
85,W1,258,0,0,1142,336,334,EOD,0,0,0.0,33.0,0.0,0.0,33.0
85,W2,3,0,0,1507,339,289,EOD,0,0,0.0,33.0,0.0,0.0,33.0
85,R1,0,47,0,410,225,125,EOD,225,178,0.0,33.0,0.0,0.0,33.0
85,R2,95,0,0,273,113,84,EOD,113,113,0.0,33.0,0.0,0.0,33.0
85,R3,0,66,0,1105,318,223,EOD,318,252,0.0,33.0,0.0,0.0,33.0
86,Supplier,0,0,0,0,0,0,EOD,0,0,0.0,20.5,0.0,0.0,20.5
86,W1,161,0,0,1237,338,241,EOD,0,0,0.0,20.5,0.0,0.0,20.5
86,W2,0,0,12,1543,318,303,EOD,0,0,0.0,20.5,0.0,0.0,20.5
86,R1,23,0,0,440,125,195,EOD,125,125,0.0,20.5,0.0,0.0,20.5
86,R2,93,0,0,316,72,70,EOD,72,72,0.0,20.5,0.0,0.0,20.5
86,R3,0,41,0,1169,229,242,EOD,217,176,0.0,20.5,0.0,0.0,20.5
87,Supplier,0,0,0,0,0,0,EOD,0,0,0.09,0.0,0.0,0.0,0.09
87,W1,171,0,0,1368,197,207,EOD,0,0,0.09,0.0,0.0,0.0,0.09
87,W2,0,0,26,1646,229,215,EOD,0,0,0.09,0.0,0.0,0.0,0.09
87,R1,133,0,0,350,105,215,EOD,105,105,0.09,0.0,0.0,0.0,0.09
87,R2,108,0,0,306,67,82,EOD,67,67,0.09,0.0,0.0,0.0,0.09
87,R3,3,0,0,1171,183,213,EOD,169,169,0.09,0.0,0.0,0.0,0.09
88,Supplier,0,0,0,0,0,0,EOD,0,0,3.4499999999999997,0.0,0.0,0.0,3.4499999999999997
88,W1,221,0,0,1343,172,222,EOD,0,0,3.4499999999999997,0.0,0.0,0.0,3.4499999999999997
88,W2,14,0,0,1652,183,223,EOD,0,0,3.4499999999999997,0.0,0.0,0.0,3.4499999999999997
88,R1,222,0,0,230,136,225,EOD,136,136,3.4499999999999997,0.0,0.0,0.0,3.4499999999999997
88,R2,155,0,0,252,74,121,EOD,74,74,3.4499999999999997,0.0,0.0,0.0,3.4499999999999997
88,R3,115,0,0,1069,173,311,EOD,199,199,3.4499999999999997,0.0,0.0,0.0,3.4499999999999997
89,Supplier,0,0,0,0,0,0,EOD,0,0,7.83,0.0,0.0,0.0,7.83
89,W1,206,0,0,1320,210,195,EOD,0,0,7.83,0.0,0.0,0.0,7.83
89,W2,83,0,0,1593,173,242,EOD,0,0,7.83,0.0,0.0,0.0,7.83
89,R1,236,0,0,241,111,125,EOD,111,111,7.83,0.0,0.0,0.0,7.83
89,R2,206,0,0,213,62,113,EOD,62,62,7.83,0.0,0.0,0.0,7.83
89,R3,261,0,0,903,193,339,EOD,193,193,7.83,0.0,0.0,0.0,7.83
