Customer ID,Gender,Age
100006,M,55
100017,M,49
100021,F,31
100029,M,65
100040,M,50
100045,F,37
100049,M,43
100052,M,36
100064,M,42
100070,M,22
100075,F,39
100083,M,36
100094,F,33
100105,M,41
100115,M,43
100120,F,45
100126,F,45
100133,F,21
100140,M,59
100147,F,20
100157,F,40
100165,F,21
100168,F,44
100171,M,40
100183,M,50
100193,F,36
100205,M,39
100210,F,26
100217,M,38
100221,F,23
100230,F,33
100233,F,24
100242,M,43
100253,F,29
100264,F,33
100267,M,49
100273,F,23
100279,F,35
100282,M,47
100294,M,29
100305,F,43
100313,F,50
100317,M,49
100326,F,28
100336,F,56
100345,F,21
100354,F,52
100365,M,55
100371,M,58
100382,F,27
100391,F,49
100401,M,43
100408,M,29
100413,M,39
100425,M,40
100430,M,32
100438,M,45
100441,F,26
100445,M,28
100452,M,33
100464,F,33
100468,F,41
100472,M,44
100480,F,27
100488,M,34
100497,F,32
100503,M,33
100515,F,28
100519,M,59
100526,M,46
100533,F,21
100543,M,42
100554,F,40
100561,F,27
100568,M,45
100575,M,30
100584,M,48
100592,F,29
100600,M,26
100607,M,48
100613,F,44
100621,M,35
100631,F,37
100640,M,47
100643,F,41
100647,M,44
100659,F,33
100665,M,40
100675,M,26
100680,M,37
100691,M,25
100700,M,58
100704,F,31
100713,F,36
100725,M,44
100732,F,26
100740,M,24
100751,M,54
100758,M,20
100763,F,36
100769,M,38
100775,F,21
100781,M,47
100788,M,30
100799,M,49
100809,F,29
100820,M,23
100826,F,21
100836,F,28
100848,F,37
100856,F,41
100867,F,21
100879,M,34
100885,M,40
100888,M,31
100893,M,36
100900,M,40
100907,M,28
100917,F,42
100927,F,35
100939,F,22
100944,M,48
100953,M,37
100961,M,29
100973,M,32
100977,M,40
100982,F,38
100987,M,43
100992,M,29
101003,M,31
101006,F,43
101014,F,29
101020,M,27
101026,F,31
101035,F,30
101044,M,35
101048,F,33
101057,M,35
101067,F,31
101078,M,32
101086,F,42
101098,M,23
101104,M,46
101108,M,21
101119,F,21
101129,M,47
101134,M,39
101138,M,32
101147,M,32
101159,M,40
101166,F,31
101171,F,24
101177,M,47
101182,F,28
101192,M,46
101199,M,18
101209,M,42
101219,F,43
101224,F,43
101236,M,30
101243,F,47
101247,F,28
101259,M,33
101270,F,26
101281,M,29
101287,F,37
101296,M,19
101301,M,47
101308,F,29
101313,F,39
101322,F,33
101331,M,41
101340,F,43
101345,F,28
101357,M,39
101361,F,41
101369,F,31
101381,F,50
101388,F,36
101396,M,44
101400,M,40
101403,M,37
101413,M,40
101420,M,38
101424,M,37
101430,M,40
101433,F,43
101442,M,45
101449,M,38
101459,F,21
101464,M,42
101473,M,42
101483,F,37
101494,M,35
101502,F,26
101505,F,45
101516,M,28
101522,M,30
101530,M,32
101536,M,22
101540,F,44
101544,F,41
101547,F,46
101559,M,47
101569,F,43
101577,F,28
101586,F,19
101589,F,39
101598,F,34
101603,M,23
101611,M,26
101617,M,64
101624,F,32
101629,M,37
101636,M,22
101643,F,32
101655,F,21
101662,F,30
101667,F,43
101671,F,44
101680,M,54
101690,F,20
101695,M,23
101702,M,49
101712,M,54
101716,M,40
101726,M,35
101732,F,33
101741,M,36
101749,F,21
101761,F,35
101765,M,34
101768,M,27
101776,M,52
101786,F,23
101794,M,41
101798,M,40
101803,M,29
101806,M,45
101817,M,25
101823,F,19
101829,M,26
101841,M,34
101850,M,27
101856,M,42
101861,M,50
101870,M,34
101882,M,45
101887,M,36
101895,F,31
101905,F,44
101910,M,48
101914,M,37
101917,F,48
101921,M,42
101926,M,55
101935,M,39
101945,M,35
101948,F,24
101958,F,19
101963,F,37
101973,F,24
101977,F,24
101980,M,22
101984,M,26
101987,M,47
101994,F,30
102003,F,27
102014,M,34
102021,M,43
102032,F,36
102042,M,41
102054,M,51
102057,M,39
102065,F,28
102077,M,43
102080,M,45
102086,M,43
102091,F,38
102097,F,22
102103,M,40
102114,M,33
102118,M,43
102121,M,49
102125,M,39
102135,F,24
102139,M,23
102146,M,46
102149,F,20
102155,F,40
102162,M,48
102170,F,32
102175,F,24
102178,M,27
102184,M,56
102191,F,29
102199,F,25
102205,M,31
102216,M,39
102219,F,33
102226,M,42
102229,M,54
102236,F,40
102240,F,26
102243,M,37
102247,M,51
102258,F,33
102264,M,40
102268,F,37
102275,M,29
102280,F,44
102287,M,25
102299,M,37
102306,M,45
102311,M,27
102321,F,31
102327,F,23
102332,M,41
102340,M,39
102346,M,40
102350,F,47
102356,M,39
102362,M,48
102371,M,35
102381,F,32
102389,F,40
102398,M,40
102408,F,33
102417,M,47
102423,F,27
102434,M,36
102446,M,33
102449,F,40
102453,M,35
102456,M,36
102468,M,35
102474,F,29
102485,M,27
102490,M,32
102498,F,43
102503,F,18
102515,F,25
102521,F,31
102528,F,20
102534,F,31
102539,F,24
102549,M,39
102560,F,24
102568,M,40
102572,F,24
102581,F,27
102593,M,56
102602,M,44
102613,F,30
102618,F,42
102626,F,36
102636,M,35
102643,M,26
102650,F,24
102653,M,41
102657,M,55
102662,M,38
102671,F,35
102675,M,29
102679,M,33
102686,F,43
102692,F,28
102704,M,32
102716,F,49
102728,M,31
102733,M,32
102741,F,26
102752,F,36
102763,F,20
102775,M,46
102780,M,42
102784,F,23
102795,F,38
102805,F,37
102816,M,25
102821,F,26
102825,M,31
102835,M,58
102839,M,45
102843,F,35
102854,M,31
102864,M,25
102870,F,32
102878,M,37
102888,M,25
102893,M,48
102904,M,40
102908,M,63
102914,M,55
102920,F,30
102930,F,51
102939,F,24
102948,M,61
102959,F,27
102968,F,25
102974,M,32
102986,M,30
102997,M,42
103009,M,38
103019,M,43
103026,M,48
103036,M,37
103045,M,37
103054,F,28
103061,M,32
103065,F,25
103073,F,18
103084,F,20
103089,M,37
103099,M,39
103104,M,34
103112,M,22
103118,M,47
103130,M,27
103136,M,31
103148,M,32
103158,M,50
103170,M,34
103173,F,38
103179,F,22
103188,F,34
103192,F,19
103202,F,51
103205,M,42
103214,F,20
103224,F,21
103231,M,33
103241,F,46
103249,M,50
103258,F,33
103264,M,54
103268,M,44
103280,F,30
103288,M,41
103300,F,31
103311,M,50
103318,M,32
103330,F,30
103336,M,45
103345,M,37
103348,F,37
103356,F,23
103360,M,40
103368,F,41
103373,M,46
103379,F,22
103388,M,34
103396,M,54
103408,F,30
103417,M,30
103426,M,47
103437,F,32
103445,M,37
103453,F,23
103457,F,35
103463,M,45
103469,M,37
103479,F,32
103489,M,47
103493,M,40
103496,M,33
103506,M,49
103515,M,49
103524,M,38
103533,F,19
103539,F,32
103545,M,36
103557,M,57
103560,M,48
103568,M,30
103577,F,45
103581,M,38
103588,M,42
103599,M,53
103605,F,49
103617,F,19
103624,M,48
103632,M,43
103639,M,41
103642,M,28
103654,F,32
103657,M,32
103667,F,52
103674,F,32
103685,F,35
103694,M,50
103701,M,29
103712,M,37
103717,F,46
103725,F,43
103737,F,24
103744,M,20
103750,F,41
103760,F,24
103766,F,22
103769,M,32
103781,F,41
103789,M,24
103794,F,55
103800,M,45
103810,M,39
103821,F,30
103830,M,45
103839,F,21
103851,M,33
103856,F,37
103866,M,38
103873,M,38
103877,M,45
103885,M,43
103889,F,42
103895,F,21
103906,M,42
103914,M,33
103917,M,24
103925,F,44
103935,M,31
103944,F,49
103952,M,40
103958,F,30
103968,M,54
103975,M,29
103978,M,56
103987,F,24
103995,M,52
104000,M,43
104012,M,58
104020,F,25
104027,F,25
104039,M,27
104049,M,45
104053,F,24
104060,M,25
104065,M,43
104077,F,30
104084,F,37
104095,M,30
104107,F,19
104115,F,38
104123,M,36
104129,M,45
104132,M,40
104144,F,29
104150,F,29
104154,F,21
104163,M,33
104172,M,41
104176,F,25
104181,M,41
104187,M,41
104192,F,18
104196,F,47
104208,F,39
104219,F,26
104231,F,19
104242,M,47
104247,M,56
104252,F,31
104256,M,34
104267,M,37
104279,M,32
104283,M,26
104288,M,49
104300,M,44
104304,M,42
104309,M,42
104314,F,25
104322,F,54
104334,F,28
104339,F,33
104348,M,62
104352,M,33
104358,F,40
104364,M,48
104373,F,44
104385,M,40
104393,M,40
104397,F,41
104405,M,45
104410,M,30
104414,F,35
104425,M,20
104430,M,37
104440,M,43
104444,F,49
104450,F,18
104455,F,26
104467,F,30
104471,M,50
104474,M,40
104483,F,39
104495,M,22
104506,M,45
104510,M,35
104514,F,41
104517,F,21
104522,M,39
104531,M,27
104542,M,45
104549,M,48
104559,F,46
104566,M,37
104578,M,39
104582,M,40
104590,F,40
104601,F,30
104610,M,31
104616,M,40
104621,M,48
104631,F,30
104640,F,54
104647,M,33
104651,M,29
104662,F,29
104668,M,32
104678,M,27
104689,M,37
104692,M,42
104702,M,18
104712,M,47
104717,M,53
104721,M,37
104728,M,47
104740,F,40
104743,M,45
104751,F,28
104761,M,28
104773,M,25
104782,M,41
104794,M,39
104805,M,38
104813,F,31
104818,F,38
104826,F,28
104829,M,33
104832,F,29
104840,M,38
104845,F,50
104853,F,29
104865,F,26
104875,M,35
104887,M,53
104890,M,32
104896,M,22
104899,F,33
104910,F,28
104913,M,46
104920,M,33
104932,M,48
104935,F,23
104942,F,41
104945,M,31
104954,F,51
104960,M,47
104967,F,42
104978,M,33
104990,M,37
104997,M,38
105005,M,28
105011,M,39
105014,M,35
105024,M,44
105027,M,26
105038,M,44
105047,F,37
105052,M,25
105057,F,52
105069,M,27
105076,M,22
105079,M,29
105085,F,38
105089,F,25
105098,M,32
105107,F,21
105110,M,38
105116,M,48
105121,M,32
105127,M,37
105135,M,36
105144,M,37
105150,M,39
105154,M,33
105160,M,25
105167,M,25
105175,M,32
105186,M,45
105196,M,48
105204,M,52
105215,F,23
105223,M,42
105229,M,30
105241,M,50
105247,M,31
105255,M,23
105259,F,38
105267,M,34
105271,F,44
105282,F,29
105291,M,42
105297,M,36
105309,M,45
105315,M,39
105320,M,43
105324,F,18
105330,F,38
105333,M,52
105339,M,40
105348,M,34
105358,F,36
105368,F,31
105372,M,32
105375,M,60
105381,M,39
105384,M,43
105396,M,41
105400,F,44
105407,M,30
105415,F,47
105422,M,38
105425,F,50
105437,M,21
105444,M,52
105447,M,45
105458,M,41
105466,M,21
105473,M,41
105476,M,40
105487,F,37
105498,F,26
105507,M,37
105515,M,50
105522,M,45
105527,M,29
105539,M,42
105546,M,29
105558,M,50
105570,M,24
105575,F,59
105578,M,26
105587,M,40
105599,M,32
105606,F,21
105617,M,31
105624,F,42
105630,M,38
105639,F,46
105644,M,38
105654,M,24
105661,F,19
105670,M,37
105677,F,28
105682,M,20
105694,M,36
105697,F,32
105701,F,30
105705,M,40
105717,M,41
105727,F,42
105735,F,61
105742,M,39
105746,F,45
105756,F,27
105766,F,49
105778,M,35
105786,M,40
105790,M,35
105799,F,18
105802,F,34
105805,M,39
105808,F,28
105817,F,26
105827,F,21
105834,F,31
105845,F,32
105854,M,33
105857,F,45
105861,F,31
105865,F,33
105870,F,41
105879,M,49
105885,F,38
105893,M,48
105901,F,21
105904,M,39
105908,M,42
105916,M,49
105922,M,30
105932,F,37
105943,M,40
105949,F,30
105957,F,31
105968,M,27
105977,M,56
105983,M,43
105992,M,46
105999,M,36
106007,M,50
106017,F,42
106028,M,47
106040,M,32
106045,F,34
106055,M,54
106062,M,44
106068,M,36
106078,M,37
106081,M,22
106086,M,45
106096,M,38
106102,M,61
106107,F,28
106119,M,52
106126,M,38
106129,F,42
106141,M,55
106151,M,40
106155,F,32
106161,M,52
106165,M,32
106175,F,26
106182,M,49
106186,M,21
106190,F,30
106199,F,30
106204,F,52
106212,F,22
106223,M,19
106227,M,22
106232,M,49
106244,F,19
106255,M,22
106267,F,20
106279,F,22
106288,F,25
106296,M,48
106307,M,46
106317,M,41
106323,M,45
106329,M,39
106334,M,31
106343,M,39
106354,M,40
106358,M,38
106370,M,39
106378,M,36
106385,M,34
106390,F,31
106399,M,45
106410,F,35
106417,F,31
106426,M,35
106436,M,47
106445,M,39
106452,F,35
106464,F,38
106471,M,26
106481,M,36
106484,M,28
106489,M,37
106501,M,53
106504,M,21
106509,F,37
106520,F,30
106532,M,51
106543,M,28
106552,M,52
106561,F,41
106568,F,43
106574,M,41
106578,M,28
106588,F,33
106597,M,55
106603,M,46
106614,M,36
106617,F,35
106628,F,25
106632,M,43
106638,F,32
106650,M,46
106658,M,37
106668,M,34
106676,M,33
106680,M,33
106692,M,45
106703,M,41
106707,F,21
106719,M,38
106723,M,46
106734,F,28
106743,M,35
106748,F,25
106759,F,25
106769,M,51
106773,F,41
106779,M,36
106790,M,48
106797,F,43
106804,F,39
106807,M,44
106814,M,57
106819,M,41
106828,F,36
106831,M,48
106842,M,32
106852,F,29
106856,M,43
106864,M,57
106871,M,40
106875,M,55
106878,F,30
106882,F,30
106891,F,24
106899,M,34
106907,F,37
106919,M,47
106925,M,40
106936,F,23
106940,F,23
106951,F,39
106961,M,32
106972,F,21
106982,F,34
106989,F,25
107001,F,18
107006,F,27
107009,M,34
107016,M,43
107024,M,47
107031,M,55
107035,F,31
107047,M,44
107054,M,37
107059,F,40
107065,M,46
107076,F,20
107088,M,28
107093,F,36
107104,M,24
107107,F,38
107114,F,30
107124,M,26
107130,F,37
107140,M,49
107148,M,33
107156,M,18
107164,M,38
107176,M,43
107186,M,39
107193,M,28
107199,M,36
107206,F,41
107216,F,53
107221,F,19
107225,F,26
107235,F,43
107245,M,53
107249,M,40
107254,F,28
107262,M,43
107269,F,50
107276,F,28
107287,M,48
107294,F,24
107302,F,23
107314,F,37
107320,M,58
107323,M,28
107326,M,43
107330,F,29
107339,F,20
107343,M,24
107355,M,41
107365,F,37
107377,M,44
107387,M,41
107390,F,52
107401,F,32
107404,M,50
107413,F,21
107424,M,30
107429,F,24
107439,M,40
107442,M,27
107451,M,56
107459,M,23
107470,F,40
107475,F,38
107482,F,33
107494,M,38
107497,F,30
107506,F,41
107515,M,23
107519,M,60
107524,F,26
107531,M,38
107534,M,46
107542,F,43
107545,M,59
107551,F,23
107555,F,59
107559,F,24
107568,F,42
107572,M,29
107579,F,44
107586,F,36
107589,F,50
107592,M,58
107595,M,36
107598,F,22
107610,F,40
107615,F,44
107622,M,35
107625,F,28
107629,M,43
107632,F,43
107637,F,19
107644,F,39
107649,M,37
107657,F,23
107665,F,20
107671,M,28
107683,M,34
107693,M,49
107699,M,22
107702,F,19
107708,F,33
107719,M,39
107728,M,27
107739,M,32
107750,M,41
107761,F,37
107770,F,38
107778,F,44
107783,F,19
107786,M,49
107789,F,23
107796,F,19
107804,F,32
107814,F,28
107825,M,64
107836,F,26
107848,M,35
107851,M,42
107857,F,26
107867,F,37
107876,M,43
107888,F,32
107895,M,36
107904,M,37
107914,M,38
107920,M,28
107923,M,33
107933,M,60
107940,M,44
107947,F,23
107956,M,57
107968,M,45
107974,F,19
107977,M,30
107984,F,45
107996,M,50
108004,F,43
108013,M,47
108021,M,44
108028,M,48
108032,M,44
108038,F,19
108043,M,42
108054,M,48
108065,M,51
108077,F,22
108082,M,40
108088,M,38
108095,M,33
108105,M,28
108110,F,31
108121,F,23
108125,M,57
108133,F,24
108140,F,42
108144,F,37
108153,M,34
108158,M,38
108169,M,52
108180,F,39
108189,F,40
108197,M,18
108206,F,46
108209,M,41
108215,M,33
108225,M,42
108234,M,39
108242,M,45
108245,M,58
108254,M,37
108262,M,21
108268,M,39
108272,F,40
108279,F,28
108285,F,41
108291,F,32
108303,M,50
108312,F,45
108322,M,34
108325,M,30
108334,F,32
108340,M,37
108344,F,21
108351,F,40
108362,F,25
108370,F,40
108374,M,52
108384,M,31
108394,M,43
108397,M,38
108401,M,47
108408,M,40
108417,F,40
108422,F,27
108429,F,37
108435,M,45
108438,F,46
108442,M,45
108448,M,39
108454,F,34
108457,F,44
108469,M,44
108477,M,34
108487,F,34
108494,M,55
108503,F,40
108508,F,25
108519,M,57
108531,F,46
108541,F,27
108550,F,27
108560,F,20
108566,M,33
108575,M,48
108580,M,49
108583,F,39
108587,M,34
108590,F,45
108597,F,22
108603,M,47
108614,M,31
108619,M,42
108631,M,38
108636,M,50
108645,F,43
108653,F,31
108658,F,40
108667,M,33
108670,M,50
108680,M,47
108688,F,44
108694,M,41
108699,M,52
108703,F,42
108706,M,53
108718,F,28
108724,M,34
108729,F,35
108741,F,31
108745,M,29
108756,F,31
108768,M,39
108771,M,32
108779,M,44
108791,M,35
108794,M,47
108797,F,43
108806,M,35
108815,F,43
108827,M,35
108836,M,37
108843,M,34
108853,M,29
108863,M,59
108871,F,42
108876,M,25
108882,F,48
108890,F,32
108899,F,45
108907,F,39
108911,F,25
108914,M,37
108921,M,36
108931,M,37
108943,M,44
108952,F,25
108959,F,43
108963,M,34
108972,M,52
108984,F,48
108993,F,28
108996,M,33
109008,F,22
109019,M,24
109030,F,26
109034,M,27
109038,F,20
109050,M,43
109062,M,50
109065,M,53
109076,M,39
109085,M,35
109088,M,33
109099,M,35
109109,M,38
109113,M,46
109123,F,38
109126,F,28
109136,M,41
109146,F,41
109156,M,51
109167,M,48
109174,M,42
109186,M,25
109194,M,50
109205,F,19
109213,F,33
109225,M,38
109232,M,52
109238,M,38
109241,F,37
109244,M,35
109251,F,46
109257,F,33
109268,M,54
109280,F,42
109286,F,25
109298,M,40
109307,F,51
109318,M,30
109324,M,51
109336,F,37
109343,M,38
109349,M,42
109359,M,24
109368,F,36
109380,F,63
109392,M,41
109398,M,40
109406,M,36
109414,M,35
109419,F,30
109426,M,55
109431,F,35
109441,M,33
109450,M,32
109458,F,44
109463,F,18
109470,M,45
109479,M,44
109491,M,38
109497,F,25
109508,M,34
109518,M,32
109521,M,50
109533,F,39
109544,F,29
109553,M,48
109565,F,43
109576,M,56
109585,F,23
109597,M,43
109601,F,25
109613,F,38
109622,M,57
109633,F,19
109642,F,21
109647,F,20
109655,F,26
109661,F,19
109667,F,20
109679,M,58
109690,M,43
109698,M,51
109707,F,27
109713,M,43
109723,F,59
109732,M,63
109744,M,39
109752,F,32
109759,M,44
109763,F,33
109769,M,54
109774,M,42
109781,M,32
109785,F,35
109790,F,38
109794,M,24
109798,M,45
109802,M,36
109806,F,29
109816,F,45
109821,M,47
109826,M,59
109836,M,51
109840,F,23
109852,F,25
109856,F,27
109862,M,34
109871,F,24
109877,M,44
109884,M,24
109893,M,50
109902,M,22
109914,M,49
109920,F,27
109924,M,48
109933,M,38
109936,F,38
109945,M,35
109950,F,38
109960,M,45
109964,F,50
109975,M,41
109986,M,38
109996,F,38
110008,M,35
110017,M,34
110029,M,37
110037,M,20
110040,M,25
110051,M,53
110057,F,31
110066,F,27
110070,M,41
110081,M,52
110088,M,31
110098,M,37
110109,F,45
110117,M,50
110120,F,45
110127,M,25
110133,M,51
110143,F,19
110153,M,22
110165,M,33
110177,M,37
110180,F,36
110191,F,21
110201,F,45
110210,F,19
110219,M,40
110229,F,38
110237,F,29
110247,M,44
110255,M,41
110258,M,35
110265,M,57
110271,F,42
110283,F,34
110287,F,21
110291,M,18
110297,F,40
110306,F,28
110310,F,40
110316,M,31
110326,M,53
110334,M,37
110346,M,23
110350,F,34
110361,F,32
110366,F,31
110374,M,58
110377,M,46
110382,F,30
110390,M,22
110395,M,37
110403,M,31
110408,M,28
110413,M,38
110419,M,41
110431,M,23
110442,M,43
110451,M,44
110455,F,25
110461,M,43
110471,F,32
110477,M,64
110486,M,35
110496,F,24
110501,M,54
110506,F,38
110511,F,29
110514,M,32
110518,M,41
110527,F,37
110531,M,50
110537,M,32
110549,F,31
110558,F,41
110569,F,19
110581,M,39
110591,M,35
110601,F,40
110607,F,35
110615,F,41
110621,F,20
110628,M,45
110632,M,52
110643,M,36
110647,M,34
110658,M,43
110670,M,45
110681,F,49
110685,M,52
110693,F,29
110705,F,36
110708,M,47
110720,M,30
110731,F,32
110742,F,19
110749,M,53
110760,F,37
110767,M,62
110775,M,38
110779,F,33
110784,M,40
110796,M,59
110803,M,36
110814,F,30
110824,F,31
110832,M,45
110843,M,29
110847,F,31
110859,F,33
110868,F,30
110879,F,29
110889,M,41
110898,F,32
110908,F,49
110914,M,54
110923,F,42
110931,M,23
110939,F,28
110947,M,37
110952,F,35
110959,M,43
110964,M,54
110976,M,38
110984,M,28
110990,M,38
111000,M,24
111010,M,33
111017,M,34
111029,F,28
111035,M,46
111047,F,44
111050,F,21
111061,M,58
111065,M,25
111077,F,47
111084,M,58
111092,M,38
111099,M,40
111111,M,42
111114,M,33
111122,M,41
111134,M,34
111139,M,48
111150,F,25
111153,F,20
111160,F,30
111165,M,47
111171,M,29
111177,F,41
111189,F,44
111197,M,51
111206,F,42
111210,M,56
111216,M,39
111220,F,22
111227,M,52
111231,F,35
111242,M,58
111248,M,56
111252,M,45
111264,M,50
111271,F,23
111280,M,51
111283,M,48
111293,M,38
111305,F,45
111312,M,50
111316,M,50
111327,F,42
111334,F,24
111344,M,35
111348,M,39
111354,M,40
111365,F,33
111372,M,36
111375,F,37
111385,F,27
111392,M,41
111397,M,33
111401,F,34
111412,M,27
111418,M,45
111426,F,23
111434,F,39
111438,F,34
111448,M,40
111457,F,19
111460,M,30
111471,M,40
111483,M,28
111493,M,36
111500,F,23
111511,M,37
111522,F,38
111532,M,22
111543,F,28
111554,M,34
111563,F,19
111569,M,48
111578,M,22
111588,M,19
111599,M,36
111606,M,44
111613,M,36
111618,M,29
111630,F,44
111636,M,35
111642,M,46
111653,M,31
111656,F,27
111667,M,56
111676,M,46
111681,M,41
111687,M,27
111692,M,30
111699,M,26
111702,M,37
111713,F,28
111725,F,37
111737,M,45
111741,M,32
111748,F,19
111760,F,36
111770,F,41
111779,M,42
111785,F,61
111793,M,44
111804,M,39
111808,F,31
111816,F,41
111821,F,54
111824,M,39
111827,M,43
111832,M,28
111835,F,23
111844,M,26
111847,M,38
111856,M,34
111860,F,27
111870,F,18
111874,M,55
111882,F,27
111891,M,27
111900,F,37
111903,M,41
111911,M,39
111919,F,54
111931,M,44
111940,F,26
111945,M,42
111954,M,31
111958,M,39
111962,M,44
111971,F,37
111982,M,43
111989,F,29
112000,M,46
112006,M,51
112018,F,43
112024,F,30
112028,F,32
112034,M,27
112046,M,46
112055,F,29
112062,F,18
112066,M,41
112072,F,34
112079,F,37
112084,M,29
112089,M,36
112099,F,25
112105,F,25
112108,F,29
112118,M,35
112123,M,20
112127,M,31
112131,M,29
112141,M,53
112147,F,40
112150,F,41
112155,F,40
112166,F,38
112173,F,39
112184,F,35
112193,M,51
112197,M,34
112205,M,38
112210,M,59
112220,F,27
112223,F,26
112229,M,33
112232,F,25
112239,F,29
112245,M,38
112248,M,51
112255,F,38
112262,M,33
112270,M,54
112276,M,45
112280,F,41
112287,F,42
112297,M,50
112303,M,25
112315,F,32
112318,F,24
112328,M,41
112339,M,60
112351,F,41
112363,F,39
112368,M,47
112377,F,32
112382,M,30
112386,F,33
112391,F,40
112395,M,48
112403,F,34
112407,M,24
112413,F,50
112419,M,27
112425,F,44
112434,M,50
112445,F,19
112456,M,43
112468,F,39
112472,M,54
112481,F,18
112488,F,40
112496,M,33
112503,M,48
112509,M,32
112517,M,38
112529,F,32
112541,F,23
112545,M,47
112553,F,40
112564,M,41
112568,M,57
112577,M,31
112586,M,31
112591,F,30
112599,F,39
112607,F,26
112611,M,45
112619,F,32
112622,M,41
112634,F,36
112643,F,26
112650,F,25
112655,F,28
112660,M,48
112664,F,43
112670,F,47
112678,F,47
112687,M,49
112692,M,56
112704,M,39
112715,M,45
112722,M,36
112728,M,48
112736,M,41
112746,M,47
112750,M,32
112754,F,19
112765,M,44
112772,M,58
112777,M,35
112786,M,45
112792,M,36
112803,M,36
112806,F,37
112809,M,39
112815,M,21
112819,F,37
112827,F,32
112833,M,40
112840,M,25
112845,M,41
112853,M,52
112863,F,30
112868,F,39
112871,M,55
112880,M,53
112885,F,23
112888,M,44
112895,F,36
112906,M,37
112917,M,62
112925,F,39
112932,M,51
112935,M,45
112939,F,23
112943,M,38
112954,F,34
112962,M,37
112970,M,42
112976,M,37
112982,F,24
112991,F,49
113001,M,23
113013,M,56
113018,M,47
113025,F,32
113033,F,43
113038,M,43
113050,M,39
113056,M,47
113064,F,34
113071,F,29
113081,F,29
113089,M,43
113092,M,52
113097,M,27
113108,M,28
113117,M,61
113123,M,28
113135,F,42
113138,M,34
113142,F,28
113151,M,60
113162,F,33
113169,F,39
113175,M,59
113185,M,44
113197,M,54
113203,M,36
113209,M,39
113220,M,18
113226,M,34
113235,M,44
113247,M,44
113257,M,32
113261,M,31
113271,M,42
113282,F,39
113290,M,60
113301,F,49
113304,F,41
113310,F,33
113319,M,53
113330,M,39
113342,F,43
113348,F,30
113360,M,31
113372,M,51
113376,M,35
113386,F,26
113390,M,37
113393,M,23
113404,F,30
113413,F,37
113420,M,32
113432,M,38
113443,F,38
113452,M,40
113458,F,39
113470,F,36
113475,F,29
113487,F,35
113496,M,43
113504,F,19
113511,M,30
113523,M,50
113529,M,62
113536,F,30
113546,F,21
113551,M,33
113554,M,42
113559,F,39
113562,F,26
113572,M,47
113579,M,32
113587,M,24
113594,F,30
113606,M,51
113612,M,23
113619,F,24
113628,M,36
113632,M,54
113637,F,31
113642,M,44
113645,M,47
113649,F,29
113653,M,31
113657,M,29
113669,M,41
113673,F,34
113677,M,53
113687,M,44
113690,F,65
113696,M,33
113699,M,44
113708,M,46
113712,F,34
113719,F,31
113726,F,32
113734,M,40
113746,M,32
113755,F,40
113758,M,43
113764,M,33
113772,F,39
113779,M,53
113785,M,25
113792,M,33
113797,M,35
113803,M,38
113806,M,47
113817,M,48
113829,M,35
113833,M,29
113841,M,20
113851,F,27
113856,M,33
113859,F,58
113862,M,44
113872,M,28
113877,M,34
113883,M,38
113891,M,40
113896,M,37
113901,M,35
113904,F,28
113909,M,39
113912,M,39
113915,F,30
113918,M,51
113923,F,43
113934,F,49
113943,M,33
113953,M,25
113965,F,32
113975,F,34
113979,F,33
113986,M,23
113996,M,30
114007,F,30
114014,M,38
114022,M,31
114028,M,30
114040,M,51
114049,M,64
114053,M,38
114061,M,46
114069,M,40
114081,M,40
114093,M,46
114103,M,45
114106,M,52
114117,M,28
114126,M,38
114134,M,38
114141,M,50
114146,M,40
114150,M,48
114154,F,46
114160,M,34
114169,F,27
114176,F,33
114187,F,33
114193,M,27
114197,M,41
114201,F,19
114204,M,26
114211,M,31
114221,F,45
114228,M,29
114234,M,30
114238,F,28
114250,M,51
114262,M,34
114273,F,50
114280,F,34
114283,M,45
114289,F,21
114292,F,24
114303,M,45
114310,M,35
114313,M,41
114321,F,22
114331,F,31
114339,F,33
114348,M,39
114351,M,42
114357,M,22
114365,M,39
114368,F,25
114373,F,31
114377,F,18
114380,M,39
114388,M,47
114391,M,36
114399,F,37
114409,F,34
114419,M,30
114424,F,32
114429,F,27
114439,F,39
114447,M,52
114451,F,42
114462,M,42
114466,M,25
114478,M,46
114484,F,25
114494,M,24
114500,M,36
114506,F,25
114510,F,34
114519,M,50
114529,M,43
114538,F,22
114545,F,28
114551,M,36
114557,M,65
114561,M,41
114570,M,49
114580,M,49
114584,M,24
114589,M,44
114599,M,36
114604,M,24
114616,M,28
114625,M,46
114629,M,54
114637,M,40
114641,F,38
114653,M,25
114662,M,31
114670,M,25
114676,M,20
114688,F,42
114699,M,50
114711,M,42
114722,M,41
114730,F,38
114741,M,32
114747,M,54
114755,F,25
114764,M,31
114768,M,51
114775,M,36
114778,M,24
114783,M,50
114795,M,40
114804,M,38
114812,M,34
114822,F,20
114833,F,19
114840,M,47
114846,F,38
114852,F,56
114857,M,29
114867,F,38
114870,F,30
114878,M,59
114887,M,33
114896,F,26
114902,M,42
114905,M,41
114915,F,25
114927,F,19
114930,M,48
114937,M,36
114946,M,40
114957,M,31
114960,F,27
114966,F,26
114971,F,20
114979,F,48
114986,F,45
114994,F,34
115005,M,40
115009,F,38
115017,M,56
115024,M,42
115028,M,54
115036,M,41
115046,F,27
115058,M,29
115066,F,27
115070,F,25
115078,M,33
115088,F,27
115098,M,43
115103,M,49
115107,F,19
115114,M,60
115118,M,37
115125,M,28
115131,M,28
115136,F,25
115142,F,30
115150,F,23
115156,M,39
115168,M,51
115179,M,38
115190,M,40
115202,M,32
115207,F,43
115215,F,56
115220,M,38
115232,M,43
115237,M,38
115240,F,31
115252,M,36
115263,M,25
115268,F,45
115274,M,46
115286,F,38
115291,M,26
115295,F,29
115302,M,56
115314,M,41
115321,M,40
115332,F,47
115338,M,34
115350,F,28
115362,F,28
115365,M,27
115369,F,35
115373,M,47
115384,M,30
115391,M,53
115400,F,44
115405,M,41
115413,M,52
115425,M,40
115436,M,35
115447,M,43
115459,M,40
115470,F,29
115473,M,35
115484,F,39
115491,F,47
115497,M,38
115504,M,33
115507,M,26
115513,F,25
115518,M,50
115526,M,29
115535,M,40
115540,M,49
115549,M,28
115560,F,44
115572,F,26
115579,F,39
115587,F,31
115594,F,34
115598,M,22
115603,M,28
115609,F,19
115612,F,23
115615,M,23
115627,F,39
115637,F,20
115649,F,46
115654,M,48
115660,M,32
115669,M,48
115677,M,27
115689,F,46
115692,M,28
115700,M,32
115703,M,27
115710,F,30
115720,M,48
115723,F,34
115734,F,34
115746,F,44
115753,F,36
115756,F,34
115761,F,19
115764,M,32
115772,F,23
115778,F,33
115788,M,42
115796,F,38
115802,M,33
115811,M,43
115820,M,38
115823,F,28
115828,F,44
115836,M,39
115844,M,43
115848,M,31
115853,F,34
115858,F,52
115866,F,23
115870,F,38
115879,M,44
115888,M,55
115894,F,28
115898,F,28
115902,M,36
115912,M,52
115923,F,24
115931,F,42
115935,F,48
115946,M,30
115958,F,25
115970,M,38
115975,M,26
115982,F,20
115989,M,42
115996,M,50
116004,M,25
116010,F,31
116013,M,30
116023,F,21
116031,F,26
116035,M,62
116043,M,27
116047,F,27
116050,M,27
116062,F,22
116074,M,49
116083,M,41
116087,F,38
116094,F,22
116100,M,36
116103,F,46
116108,M,27
116117,F,26
116126,F,35
116131,M,18
116141,M,50
116146,F,31
116150,M,53
116154,F,31
116160,M,27
116171,F,25
116175,M,30
116179,F,28
116191,F,36
116202,F,28
116206,M,40
116217,M,31
116221,M,34
116229,M,50
116240,M,23
116251,F,30
116259,F,30
116268,M,43
116275,M,41
116280,M,31
116286,M,54
116291,M,35
116303,M,39
116307,F,40
116317,F,34
116326,M,32
116335,F,23
116340,M,52
116346,M,36
116352,F,22
116363,F,32
116371,M,34
116382,M,35
116389,M,46
116392,F,43
116400,M,47
116408,F,40
116417,M,39
116421,M,39
116426,M,49
116437,M,42
116446,M,48
116456,M,43
116465,M,46
116476,M,32
116484,M,21
116495,M,40
116498,M,26
116505,M,55
116514,M,23
116518,F,34
116529,M,31
116538,F,37
116548,M,37
116558,F,40
116562,F,28
116565,M,36
116571,M,39
116579,F,40
116582,M,31
116588,F,41
116600,F,40
116605,F,41
116610,F,22
116620,M,43
116628,M,45
116637,F,28
116644,M,37
116649,M,37
116657,F,44
116667,M,30
116674,M,44
116686,F,45
116695,F,56
116707,M,51
116717,F,37
116723,M,36
116728,M,36
116733,F,30
116745,M,56
116754,M,46
116764,M,51
116767,M,61
116774,M,44
116780,M,47
116787,F,21
116793,M,42
116803,M,46
116814,F,32
116822,F,30
116829,M,47
116839,F,19
116845,M,57
116849,M,39
116856,F,18
116867,F,34
116872,F,43
116882,M,45
116891,F,23
116902,M,19
116912,F,24
116924,M,44
116932,F,21
116937,M,26
116942,F,18
116946,F,37
116957,F,37
116963,M,21
116974,M,28
116982,F,22
116988,M,35
116996,M,44
117006,M,40
117018,F,23
117030,M,40
117040,M,41
117043,M,22
117048,F,31
117053,M,37
117065,M,42
117072,F,28
117084,F,26
117091,M,40
117098,M,37
117104,F,35
117110,F,26
117121,M,52
117129,M,40
117138,M,46
117149,M,22
117157,F,26
117165,M,32
117168,M,31
117173,M,38
117177,M,26
117182,M,34
117194,F,31
117201,F,32
117207,F,41
117214,M,43
117219,M,33
117228,M,30
117236,M,54
117246,M,45
117252,M,49
117256,M,42
117262,F,27
117269,M,30
117277,F,23
117286,F,23
117294,M,50
117303,F,23
117306,F,37
117310,F,48
117318,M,36
117322,M,35
117326,M,20
117333,F,26
117336,M,35
117343,F,39
117354,M,42
117366,F,47
117377,M,18
117380,M,41
117385,F,31
117389,M,47
117397,F,36
117401,F,30
117412,M,43
117423,M,48
117426,M,28
117435,M,22
117438,F,20
117450,M,39
117456,F,22
117464,M,33
117474,F,26
117484,F,26
117496,F,31
117505,F,36
117511,F,34
117519,F,24
117527,M,44
117532,F,34
117543,M,45
117550,M,50
117557,M,52
117567,M,24
117574,F,34
117579,M,34
117590,F,23
117601,F,23
117613,M,27
117625,F,36
117628,M,42
117640,M,48
117646,M,44
117653,M,65
117663,M,21
117670,F,19
117679,M,39
117684,M,49
117689,F,18
117694,M,50
117701,M,37
117705,M,36
117717,M,38
117727,M,48
117733,F,35
117741,M,34
117749,M,23
117761,M,53
117765,F,37
117770,M,29
117776,M,43
117781,M,60
117791,M,44
117801,M,37
117805,M,46
117810,F,39
117818,M,20
117822,M,34
117827,M,44
117835,M,54
117844,M,45
117848,M,50
117859,F,44
117864,M,36
117876,M,38
117886,F,36
117898,M,45
117901,F,45
117909,M,37
117920,M,34
117927,M,38
117936,M,24
117948,M,49
117960,M,40
117967,M,35
117973,M,39
117981,M,53
117993,M,34
117997,F,24
118005,M,47
118011,F,32
118022,F,24
118027,M,35
118031,F,36
118039,M,40
118043,M,19
118054,M,44
118058,M,47
118065,M,36
118068,M,47
118077,F,46
118087,F,35
118096,M,21
118099,M,39
118111,F,49
118121,M,31
118133,M,25
118138,F,38
118143,M,31
118147,M,59
118159,M,50
118171,M,38
118181,F,30
118192,M,64
118196,F,26
118205,F,29
118216,M,47
118226,M,30
118238,F,20
118243,M,36
118252,M,65
118260,F,36
118268,F,19
118280,F,24
118287,M,50
118299,M,45
118311,M,40
118320,M,47
118332,M,64
118342,M,34
118348,F,32
118357,F,48
118362,M,26
118370,M,63
118380,M,40
118387,M,37
118395,M,43
118398,M,40
118406,M,42
118414,F,40
118418,M,33
118426,F,37
118435,M,20
118444,F,35
118449,M,36
118457,F,34
118468,F,27
118476,F,25
118487,M,46
118499,M,30
118505,M,29
118509,M,42
118520,M,47
118523,F,44
118529,M,42
118535,M,33
118542,M,46
118545,F,43
118553,M,44
118558,F,38
118565,M,24
118569,F,32
118574,M,48
118584,M,48
118593,M,50
118597,M,46
118602,M,53
118608,M,46
118620,M,36
118632,M,39
118635,M,37
118647,F,35
118657,M,38
118668,M,50
118671,F,34
118675,M,38
118687,M,32
118694,M,40
118703,F,31
118708,M,38
118715,M,28
118721,M,34
118725,M,36
118729,F,28
118739,M,55
118743,M,44
118746,M,42
118750,F,43
118753,M,39
118763,M,45
118775,M,27
118785,M,41
118796,F,38
118804,M,41
118815,F,38
118821,M,36
118824,F,29
118827,F,29
118839,F,37
118849,M,43
118859,M,46
118865,F,20
118874,F,28
118884,M,27
118893,M,33
118904,M,38
118907,M,53
118916,F,35
118923,F,40
118933,M,33
118941,M,38
118946,F,42
118957,M,51
118968,M,48
118974,M,49
118979,F,21
118984,F,31
118995,M,45
119007,M,23
119013,F,28
119024,M,18
119032,M,38
119043,M,53
119054,F,29
119057,M,44
119065,M,32
119072,M,34
119082,M,42
119087,M,38
119096,F,42
119102,M,48
119108,M,43
119111,M,58
119119,M,42
119129,F,37
119134,M,32
119138,M,49
119150,M,34
119154,M,61
119158,M,41
119166,F,26
119178,F,26
119183,F,50
119191,M,28
119198,F,39
119208,M,35
119220,M,56
119223,F,44
119227,F,26
119238,F,48
119243,F,33
119252,M,38
119263,M,45
119269,F,34
119272,M,49
119281,F,36
119288,F,36
119300,F,43
119309,F,40
119315,M,53
119324,M,34
119327,F,35
119332,M,34
119338,M,39
119343,M,47
119354,M,36
119360,M,53
119371,F,36
119378,M,23
119382,M,48
119393,F,45
119398,F,28
119401,M,39
119412,M,50
119418,M,31
119421,M,33
119430,M,42
119440,F,52
119447,M,41
119457,F,48
119461,F,43
119473,M,40
119484,M,35
119491,M,43
119501,M,53
119508,F,26
119519,F,32
119526,M,22
119531,M,40
119537,M,35
119549,M,43
119560,F,35
119569,F,18
119580,F,20
119587,M,40
119598,M,35
119609,F,29
119621,M,45
119627,M,34
119631,M,49
119638,M,24
119650,M,50
119658,M,33
119669,F,32
119677,M,44
119680,M,37
119692,M,31
119702,F,40
119707,F,29
119716,F,46
119726,F,27
119729,M,33
119732,F,42
119735,F,45
119741,M,37
119753,M,54
119758,M,40
119764,M,52
119773,F,28
119783,M,45
119792,M,39
119798,F,29
119802,F,24
119812,M,35
119818,M,29
119827,F,34
119831,M,20
119842,F,45
119851,M,33
119861,F,50
119865,M,30
119873,M,52
119879,F,30
119883,F,34
119891,F,38
119897,F,35
119909,F,32
119917,F,42
119922,F,45
119933,F,24
119936,M,34
119941,M,44
119948,M,58
119951,M,19
119960,M,59
119967,M,26
119978,F,22
119983,F,19
119992,M,46
120003,F,33
120010,M,31
120013,M,30
120020,F,26
120026,M,52
120035,M,42
120043,F,42
120050,F,24
120055,M,27
120066,M,39
120072,F,28
120076,M,42
120079,M,36
120082,M,63
120085,M,46
120091,F,37
120098,M,54
120103,M,37
120107,M,36
120113,M,42
120122,M,38
120133,M,35
120137,F,20
120145,M,30
120155,M,49
120162,M,51
120169,F,41
120176,M,53
120182,F,36
120185,M,48
120196,F,23
120204,F,26
120216,F,26
120226,M,36
120238,F,23
120244,M,31
120253,F,22
120261,M,39
120264,F,42
120271,M,44
120275,M,46
120283,M,42
120295,F,22
120307,M,37
120317,F,27
120321,M,47
120324,M,49
120331,M,53
120334,F,39
120338,F,30
120341,M,39
120345,M,24
120349,M,46
120354,M,49
120365,M,19
120373,M,56
120380,F,29
120387,M,42
120393,F,37
120398,F,40
120402,F,40
120414,F,36
120422,M,50
120434,M,21
120444,F,22
120448,M,34
120455,M,38
120463,F,49
120475,M,26
120481,M,43
120493,M,23
120503,M,44
120515,F,21
120527,M,53
120534,M,21
120546,F,43
120555,M,35
120567,M,42
120571,M,39
120583,F,38
120587,F,31
120591,M,52
120603,M,39
120608,F,20
120611,M,46
120618,F,39
120627,F,51
120631,M,43
120636,F,24
120646,M,49
120655,F,38
120661,M,38
120672,M,26
120677,M,38
120687,M,42
120691,M,37
120698,M,51
120702,M,38
120714,F,29
120721,M,48
120724,F,43
120732,M,43
120740,M,50
120746,F,22
120757,F,38
120764,M,35
120775,M,34
120779,F,26
120789,F,23
120801,F,40
120804,F,22
120816,F,39
120822,M,33
120830,F,20
120841,M,20
120851,M,20
120861,M,41
120865,M,41
120875,F,25
120887,M,26
120891,M,36
120899,M,33
120902,M,24
120911,F,44
120917,M,34
120923,M,51
120935,F,18
120945,M,52
120957,M,38
120966,F,24
120973,M,33
120977,M,38
120988,M,37
120998,M,37
121003,M,54
121006,M,47
121014,M,50
121024,F,31
121036,M,52
121047,M,50
121055,F,24
121058,F,44
121063,F,38
121068,M,25
121078,F,22
121082,M,27
121091,F,47
121095,M,35
121103,M,46
121111,M,37
121122,F,30
121131,F,28
121139,F,34
121145,M,49
121148,F,44
121151,F,21
121163,F,30
121170,M,41
121180,M,40
121183,F,50
121186,M,36
121198,M,32
121205,M,28
121214,M,40
121219,M,42
121222,M,33
121231,M,38
121238,F,30
121249,M,48
121257,M,33
121268,F,33
121280,M,63
121284,F,24
121296,M,38
121300,M,28
121310,F,47
121320,M,43
121330,F,34
121339,M,30
121351,M,54
121355,F,52
121362,F,19
121371,F,42
121378,M,34
121382,M,18
121385,F,26
121392,M,46
121404,M,41
121414,M,30
121419,F,27
121430,F,26
121438,F,24
121445,M,29
121452,F,22
121458,M,42
121464,M,25
121472,F,22
121481,F,33
121491,M,52
121494,M,38
121502,M,41
121509,M,38
121521,F,44
121531,M,56
121534,M,50
121540,F,46
121545,M,43
121551,M,45
121556,M,29
121565,F,22
121575,M,32
121579,F,44
121583,F,25
121591,F,35
121600,M,42
121607,F,27
121616,F,23
121620,F,36
121632,M,49
121639,F,49
121650,F,51
121662,F,38
121667,F,36
121674,F,43
121686,F,44
121692,M,30
121700,M,55
121709,M,45
121721,F,31
121731,M,50
121742,F,20
121746,F,34
121749,M,34
121760,F,30
121770,M,36
121780,M,51
121785,F,31
121789,M,41
121794,F,20
121798,M,34
121808,F,24
121820,F,24
121830,M,30
121841,F,20
121848,F,32
121853,M,47
121861,M,42
121867,M,33
121876,F,32
121884,M,19
121888,M,42
121899,F,49
121910,M,53
121914,M,27
121922,M,26
121927,M,59
121936,F,26
121948,M,41
121960,F,19
121964,F,30
121969,M,49
121981,M,38
121992,M,24
121995,F,19
122000,M,32
122008,F,22
122013,M,43
122017,M,54
122024,M,50
122035,M,32
122038,M,40
122045,M,26
122049,M,46
122056,M,36
122064,M,25
122069,F,43
122080,M,41
122084,M,46
122088,M,36
122099,F,31
122111,M,37
122114,M,52
122121,M,24
122131,M,29
122134,M,48
122145,M,34
122157,M,36
122162,M,57
122165,M,55
122174,F,24
122178,F,33
122187,M,19
122191,F,32
122202,M,39
122207,M,36
122218,F,29
122228,F,42
122231,M,61
122238,F,48
122246,M,33
122256,M,47
122265,M,29
122269,F,42
122278,F,32
122289,F,28
122294,M,20
122303,F,29
122312,F,22
122322,F,37
122332,F,25
122339,M,39
122347,F,19
122355,F,48
122362,M,28
122369,M,42
122380,M,38
122385,M,45
122395,F,34
122407,M,49
122415,M,64
122422,M,40
122433,M,44
122444,F,20
122448,F,43
122459,M,48
122462,M,44
122470,M,40
122477,M,34
122484,F,34
122487,M,42
122495,F,33
122505,F,22
122508,F,22
122514,M,51
122517,M,34
122529,F,19
122541,F,31
122550,M,60
122558,F,52
122569,M,34
122578,M,32
122586,M,34
122589,F,34
122596,M,42
122605,F,26
122609,F,33
122620,M,37
122629,M,25
122636,M,33
122647,F,37
122653,M,33
122664,F,23
122667,M,37
122677,F,35
122682,M,25
122690,M,32
122702,F,44
122714,F,28
122723,F,31
122726,M,48
122738,F,42
122749,M,37
122759,M,50
122768,F,30
122779,M,30
122787,M,28
122791,M,48
122796,M,22
122802,F,35
122813,M,26
122822,M,43
122829,M,34
122841,M,43
122847,F,50
122850,M,44
122855,F,38
122862,M,53
122867,F,25
122874,M,41
122882,M,53
122887,M,35
122895,M,41
122901,M,57
122909,F,43
122917,M,33
122924,M,30
122933,M,29
122940,F,28
122948,F,36
122953,F,37
122956,M,26
122966,F,44
122978,M,46
122982,M,34
122985,M,41
122993,M,43
122997,F,29
123003,F,33
123006,F,23
123016,M,51
123021,F,23
123025,F,27
123033,F,42
123036,F,41
123046,M,61
123050,M,40
123059,M,38
123062,F,35
123069,M,52
123079,M,26
123087,F,19
123094,M,52
123098,M,56
123106,M,59
123118,M,48
123127,F,22
123130,M,35
123138,M,19
123141,M,62
123148,M,50
123157,M,28
123169,M,48
123181,M,53
123185,M,46
123196,M,30
123204,F,33
123214,M,22
123225,M,26
123230,M,33
123233,M,39
123237,M,38
123242,M,44
123251,F,19
123257,F,31
123263,M,31
123275,F,45
123279,M,36
123289,M,39
123293,M,25
123296,M,56
123299,M,57
123306,F,33
123311,M,38
123317,M,26
123322,M,42
123325,F,27
123328,M,42
123337,M,34
123342,M,37
123350,F,29
123358,M,33
123365,F,20
123369,M,46
123380,M,44
123385,M,51
123394,M,42
123400,M,41
123408,F,18
123414,M,63
123417,M,24
123428,M,38
123436,M,46
123448,F,36
123460,F,26
123466,F,26
123475,M,35
123487,F,34
123496,M,37
123506,F,50
123512,M,28
123520,M,40
123527,M,35
123530,M,36
123539,M,26
123542,M,27
123547,M,54
123559,M,62
123564,M,53
123571,M,35
123579,M,62
123585,F,26
123592,F,31
123601,M,38
123606,F,37
123610,M,55
123617,F,20
123622,M,32
123626,M,47
123636,F,33
123641,M,38
123649,M,64
123657,M,39
123667,M,40
123678,M,37
123681,M,26
123689,M,37
123693,F,29
123702,F,22
123705,M,39
123708,M,46
123718,F,35
123724,F,33
123734,F,36
123738,M,47
123750,M,43
123760,M,40
123769,M,51
123778,M,27
123788,F,32
123791,F,35
123797,F,35
123801,M,42
123805,M,50
123816,F,41
123822,F,32
123825,M,41
123829,F,34
123839,F,28
123847,F,44
123854,F,29
123862,M,59
123872,M,54
123879,M,25
123882,M,27
123886,F,57
123896,F,39
123906,M,28
123914,F,43
123926,F,33
123930,M,25
123940,M,19
123950,M,31
123955,M,47
123964,F,41
123972,M,37
123977,M,37
123983,M,40
123993,F,42
124005,M,26
124016,M,32
124021,M,33
124030,F,56
124040,F,39
124045,M,24
124055,M,23
124067,F,19
124077,F,44
124081,F,40
124091,M,34
124101,M,39
124112,M,41
124120,F,37
124129,M,45
124135,F,25
124138,M,43
124143,M,60
124146,M,25
124149,F,51
124152,F,23
124164,M,29
124175,M,43
124180,M,33
124187,M,29
124191,F,19
124200,M,44
124208,F,44
124215,F,41
124224,M,34
124227,F,28
124234,F,43
124241,M,44
124248,M,25
124253,M,26
124259,M,31
124269,M,26
124281,M,38
124293,F,22
124299,F,52
124307,F,24
124313,F,21
124317,M,53
124323,M,32
124326,F,26
124335,M,35
124340,M,45
124343,M,39
124347,M,52
124350,M,39
124361,M,33
124372,F,33
124382,M,41
124387,M,39
124391,M,29
124395,M,41
124400,M,46
124407,M,35
124414,F,37
124424,M,44
124427,M,26
124434,M,40
124445,M,51
124454,F,34
124463,F,28
124470,F,56
124474,M,32
124482,F,54
124492,M,50
124497,F,21
124507,F,31
124512,F,44
124515,M,47
124520,F,46
124523,M,23
124532,M,43
124541,M,38
124545,F,24
124548,F,22
124555,F,26
124567,F,34
124575,F,29
124583,M,35
124589,F,25
124597,M,27
124606,M,42
124615,M,33
124624,M,42
124632,F,26
124641,F,36
124646,F,27
124656,F,26
124659,M,32
124669,M,44
124677,F,28
124686,M,44
124690,F,40
124702,M,46
124714,M,35
124718,M,49
124722,M,50
124725,F,24
124728,F,41
124731,M,24
124739,M,36
124750,M,59
124753,M,55
124756,M,63
124761,F,22
124771,M,24
124781,M,48
124791,M,47
124795,M,49
124807,M,43
124819,M,32
124822,F,21
124832,F,24
124835,M,46
124838,F,50
124848,F,39
124856,F,39
124861,F,38
124867,M,49
124873,M,45
124876,F,27
124881,F,48
124893,F,26
124896,F,21
124907,M,45
124919,F,52
124923,M,37
124928,M,35
124933,F,36
124943,F,32
124951,M,39
124954,F,31
124960,M,31
124964,M,38
124969,M,41
124981,M,33
124989,M,41
124994,M,52
124998,M,34
125008,M,35
125011,M,39
125022,M,35
125033,M,62
125038,M,39
125045,M,54
125048,M,30
125058,F,26
125063,M,35
125071,M,57
125080,F,38
125092,M,43
125101,F,28
125110,M,34
125113,M,36
125123,M,47
125132,M,53
125138,F,45
125145,F,30
125153,M,42
125156,M,42
125160,M,45
125165,M,37
125177,M,35
125185,F,25
125194,M,38
125200,M,54
125205,M,45
125214,F,19
125219,F,36
125229,M,41
125236,M,31
125243,M,32
125254,M,22
125264,F,41
125270,M,26
125274,M,20
125284,F,47
125290,F,32
125297,M,54
125304,M,31
125313,F,24
125322,F,45
125330,F,55
125341,M,42
125351,F,40
125355,F,27
125361,M,39
125366,F,22
125377,M,21
125384,M,52
125390,F,30
125398,M,57
125409,M,51
125415,M,47
125423,M,63
125426,F,25
125436,F,34
125448,M,45
125451,M,41
125460,M,39
125467,M,40
125479,F,46
125488,F,27
125497,M,55
125506,M,22
125513,F,29
125520,M,30
125528,M,28
125537,F,40
125543,M,31
125550,M,57
125559,M,38
125564,M,42
125572,M,55
125584,M,45
125592,M,39
125603,M,23
125606,F,25
125618,F,31
125629,M,26
125637,M,37
125647,F,32
125659,F,49
125663,M,42
125668,M,32
125674,F,22
125681,F,41
125689,M,32
125695,F,37
125705,M,43
125714,F,24
125721,M,32
125730,M,40
125737,M,37
125743,F,20
125748,F,22
125755,F,25
125765,M,27
125768,M,43
125780,M,34
125789,M,52
125797,M,31
125808,M,36
125813,M,36
125825,M,42
125828,M,25
125833,F,37
125842,F,42
125849,F,22
125859,M,23
125868,M,42
125877,M,38
125885,F,32
125890,M,21
125900,M,44
125909,M,45
125914,M,38
125925,M,24
125933,M,52
125938,M,35
125946,F,30
125958,F,26
125965,F,20
125977,F,24
125986,M,31
125989,M,31
125996,F,28
126000,F,40
126007,M,24
126013,M,33
126021,M,41
126028,F,43
126040,F,29
126048,F,20
126060,M,41
126068,F,25
126073,M,35
126082,M,21
126090,M,26
126102,F,27
126114,M,37
126126,M,30
126133,M,45
126136,M,42
126144,F,44
126153,M,55
126156,F,44
126163,M,47
126167,F,35
126177,M,53
126189,F,24
126200,F,21
126208,M,37
126219,M,48
126226,F,35
126236,M,32
126248,F,37
126256,F,28
126268,F,49
126278,M,31
126281,F,22
126284,M,46
126294,F,27
126304,F,48
126310,M,43
126319,M,38
126322,M,55
126333,M,24
126338,M,30
126346,F,32
126356,M,39
126365,M,28
126373,M,41
126379,M,25
126387,M,38
126392,M,32
126397,M,34
126406,M,45
126409,F,34
126417,F,20
126421,M,36
126431,F,43
126434,M,35
126442,F,42
126450,M,36
126453,M,34
126465,M,40
126474,F,31
126483,F,40
126493,M,41
126505,M,44
126510,M,38
126513,M,60
126523,M,23
126533,M,26
126542,F,29
126547,F,38
126557,F,20
126567,F,32
126578,M,33
126587,M,46
126594,F,26
126602,M,27
126614,M,59
126624,M,33
126631,F,33
126639,F,18
126650,M,62
126653,M,43
126665,F,41
126672,F,26
126675,F,44
126686,M,41
126694,F,32
126698,M,39
126705,F,39
126711,F,52
126714,M,35
126720,F,35
126729,F,21
126737,M,44
126742,M,31
126751,M,21
126759,F,37
126768,F,42
126780,M,47
126789,F,22
126799,M,53
126806,M,33
126816,M,45
126828,M,37
126837,M,38
126844,M,40
126848,F,44
126855,F,24
126861,M,40
126869,F,25
126878,M,33
126883,F,28
126894,F,45
126901,M,39
126905,M,26
126913,F,43
126921,M,31
126925,M,38
126934,F,25
126939,M,43
126943,F,53
126948,F,40
126959,M,44
126964,M,29
126969,M,48
126978,M,57
126988,M,28
126998,F,29
127007,M,26
127018,M,45
127028,M,55
127032,M,24
127039,M,59
127046,M,35
127058,F,33
127063,M,50
127068,F,43
127076,M,31
127082,M,34
127088,M,43
127096,M,40
127103,M,32
127114,M,19
127118,F,26
127127,F,19
127132,F,49
127143,M,51
127146,M,43
127152,F,29
127164,M,65
127167,M,49
127171,M,34
127174,M,41
127182,M,59
127186,M,32
127195,M,33
127207,F,27
127210,M,43
127218,F,42
127223,M,46
127233,M,56
127238,F,30
127250,F,28
127258,F,41
127262,F,28
127269,F,43
127280,F,35
127284,M,62
127290,M,45
127299,M,29
127311,M,27
127322,F,46
127334,F,32
127343,M,39
127355,M,53
127366,M,32
127374,M,23
127379,M,34
127388,M,50
127400,F,30
127405,M,51
127416,M,41
127426,F,46
127430,M,46
127436,F,29
127446,F,25
127454,F,34
127462,M,50
127469,M,23
127478,F,26
127483,M,46
127487,F,46
127491,F,40
127497,M,19
127502,M,59
127508,M,42
127514,M,38
127521,M,43
127526,M,33
127531,M,44
127540,F,31
127544,F,46
127551,F,30
127556,M,33
127567,F,29
127571,F,36
127579,M,34
127582,F,20
127593,M,35
127596,F,43
127608,F,25
127617,F,39
127620,F,46
127630,M,48
127640,F,34
127646,M,46
127656,F,43
127660,M,47
127664,M,43
127671,M,42
127678,F,23
127685,M,29
127690,M,49
127699,M,53
127708,M,30
127713,F,36
127716,F,40
127721,M,50
127729,M,45
127740,F,22
127745,F,27
127751,M,48
127757,F,41
127763,M,39
127766,M,36
127769,M,42
127777,F,47
127788,M,35
127796,M,41
127799,M,36
127805,F,47
127817,M,28
127820,M,30
127823,M,24
127831,M,33
127837,M,52
127847,M,33
127859,F,32
127866,M,44
127877,M,45
127889,M,38
127894,M,27
127897,M,42
127907,M,33
127912,M,37
127924,M,30
127935,M,49
127940,F,42
127951,M,58
127960,F,34
127971,F,37
127979,M,45
127991,M,40
128001,F,29
128013,M,30
128020,M,31
128028,M,47
128037,M,48
128049,M,33
128059,M,24
128068,M,41
128071,M,41
128079,F,38
128082,F,38
128089,M,45
128098,M,55
128109,M,54
128113,M,55
128125,F,41
128137,M,45
128149,M,24
128154,M,51
128162,F,23
128174,F,47
128185,F,52
128197,M,43
128203,M,35
128210,M,34
128221,F,37
128231,F,43
128238,M,47
128243,F,20
128254,F,25
128263,M,31
128273,F,23
128278,M,27
128288,M,41
128294,M,27
128304,M,45
128307,F,41
128313,F,38
128319,M,44
128322,M,38
128328,M,38
128336,M,46
128340,M,47
128350,M,23
128360,M,52
128371,F,34
128378,F,28
128386,M,27
128391,F,45
128402,F,34
128406,M,25
128414,F,41
128425,M,36
128430,M,36
128442,M,29
128448,M,34
128451,M,33
128458,F,30
128468,M,50
128472,F,40
128479,F,31
128488,M,22
128492,F,29
128501,F,19
128509,M,46
128519,F,43
128525,M,45
128536,F,26
128542,M,52
128551,M,38
128562,M,40
128574,F,37
128578,M,40
128585,F,41
128591,M,28
128600,M,33
128611,M,35
128616,M,24
128627,M,48
128637,F,30
128640,F,18
128652,M,25
128655,M,38
128664,M,33
128674,M,44
128680,M,40
128690,M,42
128699,M,42
128710,F,31
128718,F,43
128725,M,48
128729,M,33
128738,M,50
128747,F,29
128758,M,56
128763,M,38
128767,M,29
128774,M,48
128781,F,25
128784,M,25
128788,M,23
128800,M,30
128805,F,53
128817,F,34
128823,F,28
128835,M,37
128845,M,36
128852,F,35
128860,M,52
128865,F,37
128869,F,21
128879,M,36
128884,F,37
128887,M,31
128897,F,45
128903,M,60
128910,M,60
128918,M,47
128926,F,29
128931,M,40
128939,M,50
128942,M,27
128953,M,45
128961,M,28
128973,F,23
128980,F,41
128991,F,25
129002,M,45
129014,M,26
129018,M,38
129030,M,46
129033,M,50
129041,F,28
129048,M,33
129052,F,22
129060,M,38
129071,M,44
129082,M,53
129093,F,36
129096,M,32
129108,M,33
129113,F,20
129119,F,52
129130,F,35
129139,F,33
129144,M,62
129148,M,27
129157,F,25
129163,M,48
129166,M,34
129173,M,42
129182,F,29
129187,M,21
129195,F,24
129204,M,35
129210,M,40
129214,M,44
129226,F,35
129237,M,44
129246,F,40
129250,F,41
129258,F,28
129265,M,34
129274,M,51
129280,M,42
129284,F,38
129288,M,37
129294,M,33
129300,F,33
129307,F,20
129314,M,50
129321,M,21
129331,F,30
129341,F,19
129351,F,35
129358,M,44
129366,M,53
129369,F,23
129376,F,28
129385,M,64
129394,F,35
129403,M,45
129408,F,29
129417,F,19
129428,M,49
129435,M,31
129446,F,40
129456,M,47
129462,F,29
129472,M,38
129482,F,23
129491,M,33
129495,M,25
129498,M,31
129508,F,32
129512,M,43
129516,F,35
129525,M,58
129535,F,38
129542,F,20
129554,F,19
129562,M,56
129570,F,28
129580,F,30
129592,M,53
129599,M,24
129609,M,46
129614,F,30
129624,F,46
129630,F,36
129635,M,34
129639,F,24
129651,F,37
129661,F,43
129671,M,36
129680,M,22
129686,F,21
129698,M,41
129709,F,36
129718,M,45
129722,F,25
129729,M,32
129736,F,24
129743,M,29
129750,M,35
129755,F,24
129760,M,62
129770,F,35
129776,M,30
129783,F,21
129787,F,32
129790,M,52
129802,M,42
129811,F,33
129818,F,32
129822,F,37
129828,M,45
129836,F,42
129847,M,46
129858,M,32
129866,M,46
129871,M,29
129880,M,36
129888,F,20
129899,M,20
129906,M,38
129916,M,53
129920,M,32
129931,M,43
129934,M,35
129941,F,23
129950,M,45
129953,M,38
129962,M,44
129965,F,27
129975,M,51
129985,M,37
129990,M,32
129997,F,44
130002,F,34
130008,M,21
130014,F,35
130018,F,45
130024,F,20
130034,M,49
130044,M,23
130053,M,38
130061,M,64
130072,F,41
130078,F,45
130090,M,33
130094,F,25
130105,M,31
130112,F,30
130117,F,22
130127,F,38
130133,M,31
130141,M,46
130144,F,33
130150,F,46
130160,M,47
130170,F,36
130182,M,41
130190,F,31
130194,F,43
130202,F,34
130210,F,31
130217,F,30
130229,F,35
130236,F,47
130245,M,20
130251,F,48
130257,M,25
130267,M,25
130271,M,47
130279,M,23
130285,M,48
130293,F,29
130300,F,26
130311,M,23
130317,M,45
130321,F,34
130325,F,33
130332,M,52
130341,M,33
130345,M,22
130349,M,48
130359,M,39
130364,F,20
130372,F,32
130383,M,36
130391,M,54
130397,M,43
130405,M,27
130410,M,44
130418,F,21
130421,M,26
130430,F,24
130435,M,39
130445,F,40
130455,F,32
130465,M,56
130476,M,48
130479,M,41
130486,M,32
130495,F,40
130502,M,52
130510,F,47
130517,M,23
130524,F,44
130535,M,24
130541,M,46
130544,F,36
130548,F,46
130554,M,52
130559,M,51
130562,F,33
130574,M,43
130580,M,30
130583,M,42
130594,F,29
130604,F,25
130608,F,32
130618,F,31
130624,M,39
130636,M,42
130641,F,38
130645,F,23
130649,M,37
130653,F,18
130661,F,38
130664,F,35
130673,M,40
130682,M,47
130685,F,41
130697,M,29
130702,M,43
130708,M,30
130713,F,24
130721,F,38
130731,M,33
130740,F,28
130745,M,32
130750,M,36
130753,M,46
130756,F,41
130761,M,40
130769,M,42
130773,F,45
130784,M,24
130788,M,64
130791,M,33
130794,F,21
130802,F,37
130807,M,40
130818,F,27
130821,M,41
130826,M,37
130830,M,40
130839,F,58
130845,F,43
130850,F,37
130854,F,33
130866,M,25
130871,F,37
130883,F,23
130891,M,48
130899,M,23
130903,M,32
130908,F,26
130913,M,26
130920,M,47
130931,F,37
130941,M,28
130947,M,35
130959,M,40
130968,M,45
130977,M,27
130986,F,40
130996,M,32
130999,F,29
131008,M,50
131020,M,40
131029,M,35
131034,M,39
131038,F,33
131048,M,34
131055,F,31
131058,F,32
131064,M,34
131068,M,38
131071,M,32
131081,F,28
131086,M,50
131090,M,48
131099,M,34
131110,M,38
131118,M,36
131128,M,31
131138,M,32
131144,F,34
131150,M,35
131156,M,33
131167,F,42
131173,F,24
131182,M,46
131192,F,43
131197,M,43
131208,M,46
131219,F,28
131224,M,32
131233,F,41
131241,F,28
131251,M,52
131259,F,26
131266,M,37
131275,F,38
131285,M,51
131297,F,35
131301,M,50
131312,F,23
131319,F,41
131323,F,39
131335,F,35
131343,F,22
131351,M,46
131355,F,30
131360,M,25
131371,F,37
131380,F,28
131385,F,43
131397,M,39
131403,M,40
131411,M,41
131417,M,45
131423,F,33
131433,M,53
131437,M,41
131446,M,37
131452,M,40
131464,M,46
131476,M,40
131482,F,26
131491,F,31
131498,M,41
131510,M,41
131522,F,38
131532,M,41
131535,M,52
131540,M,46
131548,M,33
131555,M,45
131564,F,35
131568,M,34
131575,M,65
131581,M,49
131591,M,26
131599,M,32
131604,F,44
131612,F,40
131615,M,51
131627,M,26
131639,F,27
131651,M,42
131656,M,40
131665,F,29
131668,F,22
131672,M,28
131681,F,50
131693,M,39
131696,M,37
131701,M,49
131711,M,46
131721,F,28
131727,F,36
131735,F,39
131738,M,37
131743,F,37
131746,F,27
131754,F,29
131757,M,57
131769,M,25
131773,F,38
131778,M,33
131785,M,51
131790,M,42
131797,F,32
131800,F,29
131810,M,40
131822,M,23
131832,F,29
131835,M,42
131838,F,30
131848,M,52
131851,M,26
131861,F,32
131865,M,27
131872,M,34
131884,M,43
131895,M,33
131907,M,32
131910,M,35
131915,M,39
131922,F,48
131927,F,36
131939,M,34
131950,F,44
131957,F,38
131969,F,26
131973,F,30
131979,M,34
131987,M,29
131996,M,34
132002,M,34
132007,M,51
132014,F,27
132019,M,58
132027,M,56
132033,F,55
132039,F,44
132047,M,38
132058,F,29
132065,M,35
132069,M,43
132073,M,45
132079,M,40
132091,M,41
132099,F,32
132105,M,52
132108,F,23
132114,F,30
132118,F,34
132129,F,29
132137,F,37
132144,F,30
132152,F,37
132161,M,33
132164,M,27
132176,M,45
132186,F,28
132196,F,23
132202,M,23
132214,F,42
132224,M,47
132229,F,29
132232,M,39
132241,F,25
132249,M,32
132252,M,53
132264,F,43
132270,M,38
132275,M,39
132282,F,46
132291,M,37
132298,M,60
132307,F,32
132315,M,40
132324,M,41
132329,M,32
132335,M,28
132338,M,28
132349,F,27
132356,M,30
132363,M,36
132375,F,29
132382,M,29
132393,M,37
132404,M,36
132414,M,50
132420,F,32
132432,M,34
132442,M,48
132452,F,37
132456,F,21
132459,F,26
132471,F,30
132483,F,35
132495,M,37
132505,M,45
132511,M,49
132515,M,38
132522,F,33
132534,M,52
132540,F,22
132547,M,43
132558,M,52
132564,M,29
132570,F,32
132582,F,27
132587,M,38
132594,M,50
132605,F,32
132612,M,45
132623,F,43
132630,F,29
132639,F,29
132649,M,31
132655,M,64
132665,M,33
132676,F,31
132686,M,35
132692,M,54
132697,M,31
132700,M,33
132706,M,32
132714,M,29
132724,M,62
132730,F,33
132742,M,31
132749,M,42
132758,F,30
132767,F,31
132778,M,20
132784,F,26
132788,F,49
132800,F,41
132809,F,23
132819,F,27
132826,M,34
132836,M,43
132841,F,40
132849,M,51
132856,M,47
132865,M,35
132875,F,43
132879,F,41
132889,F,26
132894,F,42
132897,M,63
132903,F,23
132913,M,31
132917,F,37
132924,M,37
132933,F,30
132940,M,43
132946,F,46
132958,F,34
132963,M,49
132974,F,21
132977,F,45
132985,M,40
132990,M,31
132998,M,36
133008,M,50
133019,M,34
133028,M,44
133036,F,32
133046,M,41
133049,M,28
133055,M,36
133063,M,40
133070,M,32
133081,F,33
133086,M,23
133095,M,48
133098,M,34
133102,M,56
133111,F,22
133114,M,26
133120,F,44
133123,F,24
133128,M,55
133137,M,47
133140,F,44
133147,M,32
133153,M,22
133161,M,44
133166,M,30
133173,M,48
133185,F,22
133196,M,20
133202,F,19
133208,F,19
133217,M,25
133221,M,41
133233,F,37
133243,M,22
133254,M,33
133257,F,33
133263,F,23
133270,M,46
133273,F,50
133280,M,37
133288,F,50
133295,F,37
133303,M,39
133315,M,19
133320,M,45
133325,M,49
133337,M,28
133349,M,27
133355,M,48
133360,M,43
133367,F,27
133379,F,32
133391,M,41
133397,F,29
133407,M,53
133410,M,41
133414,M,23
133421,F,42
133425,F,24
133436,M,36
133448,M,31
133459,M,40
133467,M,39
133476,M,18
133483,F,40
133487,M,42
133491,F,41
133501,F,29
133506,M,44
133514,M,51
133524,M,46
133533,F,34
133538,F,19
133545,F,21
133552,F,56
133563,F,21
133567,M,43
133576,M,47
133585,F,38
133594,F,43
133605,M,35
133614,F,33
133622,M,36
133632,M,51
133643,M,21
133651,M,27
133657,M,45
133664,F,42
133676,F,28
133684,F,36
133695,F,42
133706,M,32
133718,F,25
133722,M,33
133732,M,31
133735,F,26
133742,M,26
133753,F,39
133758,F,41
133766,M,20
133776,F,38
133779,M,40
133786,F,28
133790,M,28
133795,F,30
133804,M,34
133815,F,31
133824,M,39
133834,M,48
133838,M,37
133846,M,42
133851,F,20
133863,M,23
133871,M,44
133882,F,27
133891,M,52
133894,F,52
133904,M,26
133916,M,37
133920,M,42
133929,F,43
133935,M,40
133940,M,49
133951,M,33
133963,F,32
133969,F,25
133974,M,41
133981,M,38
133989,M,42
133994,F,24
134001,F,27
134007,M,44
134015,M,35
134020,M,24
134031,M,37
134034,F,29
134043,M,45
134054,M,51
134066,M,28
134072,F,20
134083,F,46
134094,F,41
134101,M,32
134109,F,25
134114,F,36
134117,M,33
134122,M,36
134131,M,58
134135,M,26
134145,M,38
134156,M,43
134162,F,33
134172,F,31
134175,F,42
134185,F,56
134194,M,41
134206,F,44
134214,F,31
134220,M,43
134227,F,37
134232,M,29
134235,F,40
134239,F,52
134244,M,27
134247,M,36
134252,F,26
134263,M,29
134268,M,24
134279,F,42
134284,M,33
134296,M,39
134299,M,34
134304,M,52
134307,F,32
134313,F,22
134318,F,37
134326,M,63
134329,F,18
134339,F,19
134348,F,24
134360,M,59
134365,F,23
134368,M,56
134380,M,41
134385,M,36
134390,M,36
134400,M,41
134404,F,45
134416,F,21
134420,M,40
134426,M,30
134437,F,30
134448,M,45
134454,F,42
134461,F,40
134468,M,53
134474,F,41
134477,F,22
134482,M,49
134486,M,37
134493,M,31
134502,F,52
134507,M,29
134515,M,26
134520,F,43
134531,F,31
134535,M,32
134540,M,42
134544,M,46
134553,M,43
134565,M,39
134568,F,20
134573,M,44
134576,F,44
134579,M,27
134588,M,50
134595,F,30
134600,M,40
134609,F,37
134615,M,19
134627,M,27
134635,M,35
134646,M,46
134651,F,30
134662,F,35
134670,F,33
134680,M,45
134683,M,33
134694,F,32
134697,F,37
134705,F,47
134708,M,43
134713,M,38
134725,F,18
134732,F,36
134736,F,36
134747,M,27
134750,M,43
134759,F,22
134771,M,35
134780,F,21
134785,F,31
134796,F,26
134808,M,42
134816,M,27
134827,M,32
134833,M,31
134840,M,58
134848,F,20
134852,F,24
134859,F,20
134862,M,36
134874,M,34
134884,M,38
134892,M,37
134900,F,47
134910,M,43
134916,F,19
134923,F,26
134931,M,33
134941,F,22
134951,M,38
134960,F,36
134969,M,22
134974,M,28
134981,M,38
134988,M,37
134992,M,38
134997,M,18
135000,M,38
135003,M,39
135006,M,40
135015,M,49
135027,F,39
135030,M,36
135038,F,28
135050,F,25
135060,F,34
135069,M,38
135078,M,20
135084,F,30
135089,M,41
135096,F,40
135106,F,25
135116,F,52
135128,M,47
135131,M,22
135139,F,33
135143,F,47
135151,M,29
135158,M,28
135165,M,39
135171,M,55
135182,F,38
135191,M,42
135198,M,34
135201,F,33
135206,M,26
135214,M,34
135224,F,32
135228,F,38
135231,F,31
135238,M,27
135246,F,28
135249,M,48
135261,M,30
135264,F,26
135267,M,49
135278,F,26
135281,M,31
135287,F,25
135296,M,48
135303,M,40
135315,F,25
135327,F,22
135333,M,26
135340,F,29
135343,F,37
135354,F,30
135357,F,31
135363,F,24
135369,M,30
135378,M,32
135389,F,38
135395,M,35
135399,M,26
135406,M,40
135411,F,40
135414,M,34
135424,M,63
135435,F,41
135438,F,36
135450,F,24
135453,M,29
135459,F,48
135469,M,25
135476,F,38
135486,M,28
135489,F,32
135493,M,28
135501,M,42
135512,F,28
135516,M,24
135525,M,50
135535,M,33
135543,M,36
135553,F,27
135565,M,57
135568,M,44
135576,M,35
135585,F,43
135595,F,26
135602,F,32
135605,F,23
135612,M,40
135615,M,45
135625,M,23
135629,M,30
135632,M,29
135637,F,42
135648,F,33
135654,F,44
135661,F,57
135672,F,25
135676,F,43
135685,F,22
135690,M,37
135694,M,41
135698,M,37
135702,M,40
135708,M,36
135719,F,35
135727,M,50
135739,M,32
135743,M,47
135746,F,26
135753,M,57
135759,M,37
135765,F,25
135773,F,32
135777,M,37
135782,F,24
135787,M,50
135798,M,18
135803,F,22
135814,F,24
135823,M,22
135830,M,42
135842,F,32
135848,M,32
135859,F,23
135871,M,36
135880,M,53
135889,M,27
135893,M,32
135905,F,36
135910,M,33
135916,M,27
135924,M,37
135929,F,37
135938,F,25
135941,M,56
135947,M,50
135955,M,35
135962,M,47
135969,M,33
135976,M,38
135983,F,42
135990,M,51
135997,M,32
136003,M,38
136012,M,31
136022,F,18
136026,F,43
136031,F,19
136039,M,39
136051,M,25
136056,F,36
136061,M,46
136064,F,21
136069,M,45
136079,M,39
136090,F,22
136095,F,32
136107,M,37
136116,M,48
136125,F,29
136129,F,26
136133,F,28
136143,M,45
136150,F,21
136159,M,45
136167,M,33
136177,F,25
136180,F,36
136188,F,45
136199,F,40
136210,M,49
136219,M,37
136224,F,42
136228,F,42
136234,F,29
136244,M,28
136251,F,27
136254,F,21
136265,M,55
136277,F,45
136286,M,31
136291,F,18
136295,M,50
136301,M,57
136311,M,20
136318,M,52
136322,M,37
136328,M,63
136336,M,28
136348,M,35
136351,F,36
136359,M,45
136362,M,38
136374,F,18
136381,M,33
136392,M,44
136398,F,33
136406,M,52
136411,M,19
136422,M,38
136425,M,33
136435,F,33
136443,F,43
136455,M,43
136463,M,37
136473,F,38
136478,F,18
136481,M,24
136488,F,23
136494,M,49
136505,F,36
136512,F,34
136523,F,32
136534,M,20
136540,M,34
136544,F,19
136551,F,35
136563,M,35
136575,F,43
136582,F,36
136589,M,36
136600,M,26
136606,F,21
136617,M,36
136627,F,19
136631,F,25
136643,M,35
136646,M,35
136655,M,43
136665,F,21
136671,M,46
136681,F,36
136684,F,29
136694,F,46
136705,F,29
136710,M,30
136719,F,46
136722,M,38
136733,M,32
136744,F,56
136752,M,43
136756,F,21
136760,F,26
136767,F,23
136774,F,32
136780,M,42
136786,M,55
136794,M,42
136800,F,32
136809,M,19
136819,M,51
136824,F,41
136827,M,36
136834,M,28
136838,M,45
136844,F,28
136856,F,20
136862,M,47
136870,F,36
136882,M,43
136893,M,49
136899,F,25
136904,M,27
136911,F,22
136919,F,46
136922,M,48
136929,M,40
136939,F,32
136950,F,30
136960,M,34
136969,M,40
136978,F,31
136981,F,34
136993,M,26
136998,M,54
137010,M,20
137018,M,45
137024,F,47
137031,M,46
137037,M,51
137046,M,53
137052,F,39
137057,M,57
137063,F,33
137074,M,29
137077,M,50
137085,F,35
137097,M,44
137107,F,28
137116,M,42
137123,M,34
137131,F,41
137136,M,24
137144,F,35
137148,F,47
137158,F,35
137161,M,39
137169,M,43
137173,M,41
137182,F,40
137185,M,39
137196,M,63
137205,F,28
137211,F,44
137217,F,33
137229,M,56
137239,F,48
137249,M,49
137256,M,54
137261,M,32
137266,F,18
137271,F,25
137280,F,52
137292,F,32
137303,F,43
137313,M,40
137322,M,39
137329,F,38
137340,M,42
137352,M,30
137360,M,52
137363,M,38
137370,M,43
137375,F,20
137381,M,39
137387,F,37
137392,F,36
137397,M,42
137400,F,29
137410,M,30
137416,F,22
137422,F,30
137429,F,19
137437,F,37
137440,F,44
137452,M,38
137462,M,35
137470,F,20
137475,M,46
137482,F,44
137494,F,25
137500,M,36
137503,M,34
137510,F,22
137516,F,40
137521,M,39
